"","ID","SATNAME","COUNTRY","lat","long","alt"
"1",19548,"TDRS 3","US",-9.51340389105911,222.064167646306,35817.9734744026
"2",20253,"FLTSATCOM 8 (USA 46)","US",-12.0897288704235,256.127796310035,35791.8532079785
"3",20776,"SKYNET 4C","UK",-12.5263111860634,306.472582359864,35788.7870093628
"4",21639,"TDRS 5","US",14.6817971030187,105.40677901852,35794.548287658
"5",22314,"TDRS 6","US",-6.84398903328914,225.659165204139,35807.0892223271
"6",22787,"UFO 2 (USA 95)","US",-10.8641863556006,301.138555084258,35798.0416435985
"7",22988,"USA 99","US",0.555794004917363,233.52131788143,35796.4446824183
"8",23331,"ASTRA 1D","SES",3.64771261886763,199.498526922019,35802.1714608655
"9",23435,"USA 107","US",-5.34952457578553,216.952559346204,35803.8719665717
"10",23467,"UFO 4 (USA 108)","US",8.72791076059152,84.2693419762854,35769.2827376338
"11",23553,"AMSC 1","US",8.09339302371748,166.341598709512,35810.122464638
"12",23613,"TDRS 7","US",-2.8877464631356,356.88993702327,35674.0897051372
"13",23628,"USA 113","US",-3.22058956741756,16.3549089478058,35778.3815261027
"14",23712,"USA 115","US",4.65867391547631,182.720289636834,35796.0317509839
"15",23839,"INMARSAT 3-F1","IM",-5.25847232751086,336.659429549684,35773.7553735603
"16",23842,"ASTRA 1F","SES",-0.0374211177523356,316.507288555915,35781.7289430817
"17",23846,"MSAT M1","CA",7.48636658923494,165.095124910612,35803.8424606386
"18",24307,"INMARSAT 3-F2","IM",3.96771112444528,172.720747698342,35892.3882039419
"19",24315,"AMC-1 (GE-1)","SES",2.5981671207211,141.340937887212,35789.5624051061
"20",24674,"INMARSAT 3-F3","IM",1.7811982823799,90.313041542046,35772.0620362752
"21",24713,"AMC-2 (GE-2)","SES",4.57215405572848,187.562443691976,35805.9237721942
"22",24732,"INTELSAT 26 (JCSAT 4)","ITSO",-7.99562839921221,334.543212959309,35781.8241321704
"23",24737,"USA 130","US",-12.9878192896292,279.685194779241,35789.6734603644
"24",24812,"GALAXY 25 (TELSTAR 5)","US",0.946874107099344,179.144780809064,35798.9046822331
"25",24916,"INTELSAT 5 (PAS 5)","US",4.49950590045843,135.219627783109,35787.2161486435
"26",24936,"AMC-3 (GE-3)","SES",1.7133418891487,200.25769653649,35797.2820042769
"27",24957,"NSS 5 (INTELSAT 803)","NETH",-5.00498245329906,322.610841709391,35785.7092517911
"28",25019,"USA 134","US",8.28015779340329,160.793648086354,35814.4755646986
"29",25071,"ASTRA 1G","SES",-3.57226121815341,329.34924695166,35780.0338672877
"30",25153,"INMARSAT 3-F5","IM",2.19232172386968,218.263939333255,35809.8274279616
"31",25258,"UFO 8 (USA 138)","US",6.26536518803666,83.6849871499131,35774.7218288788
"32",25358,"THOR 3","NOR",-3.5352064904282,267.789784524254,35794.080784906
"33",25371,"INTELSAT 805","ITSO",-0.251032400675057,81.3784254011176,35775.3850329403
"34",25462,"ASTRA 2A","SES",-0.646933320490892,12.244345385471,35774.1057925287
"35",25630,"JCSAT 6","JPN",-0.905830223964017,62.2938848052821,35763.406105929
"36",25639,"SKYNET 4E","UK",-9.81253508138243,270.609090960163,35790.821219334
"37",25657,"ASIASAT 3S","AC",-1.11099333390984,58.3075310827503,35769.6414214854
"38",25740,"NIMIQ 1","CA",0.117549136313045,185.726208454774,35799.401855842
"39",25785,"ASTRA 1H","SES",3.35545371167409,205.175583011591,35800.5360999351
"40",25894,"ABS 7 (KOREASAT 3)","SKOR",-0.0575668034993679,28.2827236099123,35777.0763955711
"41",25924,"ABS 6 (LMI 1)","PRC",-0.0192820061800188,71.3074622980529,35776.5684069474
"42",25949,"TELSTAR 12 (ORION 2)","US",2.28571116909864,163.054477899101,35793.4146094798
"43",25954,"AMC-4 (GE-4)","SES",-0.0220370798201955,137.349088936893,35788.7058942279
"44",25967,"UFO 10 (USA 146)","US",-4.04536665384211,249.738102983999,35841.6664269066
"45",26038,"GALAXY 11","US",0.0923456014689564,267.095433031588,35884.8826617996
"46",26052,"USA 148","US",5.34710103773474,92.1796364198317,35775.8923520327
"47",26107,"ASIASTAR","US",-2.73755729735451,17.2296695190332,35767.9314795087
"48",26356,"USA 149","US",10.9262484025299,106.309141662817,35776.7572382012
"49",26369,"EUTE 36A (EUTE W4)","EUTE",-2.03410224431139,319.637523735034,35856.2329603793
"50",26388,"TDRS 8","US",-6.45260839214989,1.88512230344222,35723.8201225147
"51",26451,"INTELSAT 9 (PAS 9)","US",-4.85508570215115,338.330169838268,35780.2837125098
"52",26469,"BRAZILSAT B4","BRAZ",3.02970858183556,180.313019197667,35797.4669100489
"53",26494,"ASTRA 2B","SES",-2.09439130663026,291.492793209913,35793.8993800365
"54",26495,"AMC-7 (GE-7)","SES",0.223858633165259,137.287267691096,35785.2460649538
"55",26554,"NSS 11 (AAP-1)","SES",-0.000971442327762873,88.2495277361891,35778.6354718695
"56",26575,"USA 153","US",-0.67912995084682,46.7371642892176,35778.3911293003
"57",26580,"AMC-6 (GE-6)","SES",0.0310221258732748,189.275652189886,35794.2280223731
"58",26590,"INTELSAT 12 (PAS 12)","ESA",-1.80996158741277,336.439518839885,35781.9391565316
"59",26608,"INTELSAT 1R (PAS 1R)","US",-0.601079504408194,69.3420859459752,35786.2521952539
"60",26624,"ANIK F1","CA",0.00469566370995505,164.949473181204,35784.3348399164
"61",26638,"ASTRA 2D","SES",-2.52514127257692,277.314743370144,35789.486753745
"62",26639,"AMC-8 (GE-8)","SES",-0.00133343014495713,133.281957934643,35789.9741999567
"63",26695,"SKYNET 4F","UK",-4.21939816267014,237.913845950315,35797.0294498108
"64",26715,"USA 157","US",-1.43635154379806,23.309916435986,35778.528250448
"65",26719,"EUTE 28A (EB 1)","EUTE",0.749060307981559,139.460686184234,35787.6484139806
"66",26766,"INTELSAT 10 (PAS 10)","US",-2.50957763667911,319.679501932918,35790.8670013308
"67",26824,"INTELSAT 901","ITSO",0.48217105284062,242.699855790608,35798.9668331681
"68",26853,"ASTRA 2C","SES",-0.859736684006212,295.960517838018,35787.6870721636
"69",26880,"USA 159","US",-1.77919677641869,222.881482296328,35786.4154422551
"70",26900,"INTELSAT 902","ITSO",0.0132421537357563,334.201274959905,35780.0350940438
"71",26927,"EUTELSAT 12 WEST B","EUTE",0.0199968999632999,259.679005106713,35810.2896475948
"72",26985,"DIRECTV 4S","US",-0.0298953547772416,171.067697773567,35795.4336516145
"73",27168,"USA 164","US",-8.15786453587766,291.016971041816,35788.3980260786
"74",27378,"ECHOSTAR 7","US",-0.00907399647002738,153.449284659254,35787.5996465873
"75",27380,"INTELSAT 904","ITSO",-0.13039761681206,294.652280335203,35816.6299930822
"76",27389,"TDRS 9","US",4.39246451818992,209.909830979889,35848.9370330953
"77",27399,"JCSAT 2A","JPN",-1.25328492005981,48.3371509936563,35795.3237369882
"78",27400,"ASTRA 3A","SES",1.76326318306148,225.323862313959,35797.8563484515
"79",27403,"INTELSAT 903","ITSO",0.687174978589223,240.74827239867,35797.7487269057
"80",27414,"NSS 7","SES",0.408785256119499,252.228763771271,35793.8672615974
"81",27426,"DIRECTV 5 (TEMPO 1)","US",-0.0313216745771671,162.156483779366,35793.5747910877
"82",27438,"INTELSAT 905","ITSO",0.167486736528446,247.721507942293,35795.1539797281
"83",27441,"EXPRESS 4A","CIS",0.662977431954151,57.6594249097132,35760.341205039
"84",27445,"GALAXY 3C","US",-0.0248032582042126,177.170259743475,35793.5408442846
"85",27460,"EUTE 5 WEST A (STELLAT5)","EUTE",-0.0200725991862611,267.205158691107,35805.1192914308
"86",27461,"NSTAR C","JPN",-1.29988593873576,48.3223749838769,35764.0945027293
"87",27509,"METEOSAT 8 (MSG 1)","EUME",-5.87658872991899,314.044254177204,35788.9065722824
"88",27513,"INTELSAT 906","ITSO",0.032186191290024,336.370651844309,35782.1934428056
"89",27528,"HISPASAT 1D","SPN",0.0489849122598198,242.010768246214,35810.3097978839
"90",27566,"TDRS 10","US",4.44065865923978,101.11436351412,35802.6538765888
"91",27603,"NSS 6","SES",-0.0441925751448164,7.24699974292252,35780.6646305223
"92",27632,"NIMIQ 2","CA",3.10935241396049,143.862127713682,35819.4761393397
"93",27683,"INTELSAT 907","ITSO",0.00614418187360215,244.682551871661,35797.9129937713
"94",27691,"USA 167","US",5.80149710590666,142.221030261295,35790.8413606978
"95",27711,"USA 169","US",8.16970903562247,152.420839744549,35788.5335196613
"96",27715,"GALAXY 12","ITSO",0.374742138477363,143.258836927881,35784.9692914287
"97",27718,"ASIASAT 4","AC",-0.00802662578256025,310.462402757963,35785.3622617354
"98",27811,"HELLAS-SAT 2","GREC",0.920478956042911,177.052997087255,35791.3556588104
"99",27825,"THURAYA 2","UAE",-5.33460053688973,316.248165224269,35779.5618883627
"100",27831,"OPTUS C1","AUS",-0.248446786936847,67.9449832032102,35762.314373395
"101",27852,"ECHOSTAR 12 (RAINBOW 1)","US",0.0300999507885642,185.861909122786,35792.087742081
"102",27854,"GALAXY 23 (TELSTAR 13)","US",-0.033827502085162,151.295713684889,35790.6921225336
"103",27875,"USA 170","US",1.45724569132481,229.791542249753,35800.9260939103
"104",27954,"HORIZONS 1 (GALAXY 13)","US",-0.000896319614314169,145.246518908304,35788.0576223112
"105",28089,"YAMAL 202","CIS",-0.0322020352173713,321.304051913635,35771.873283996
"106",28117,"UFO 11 (USA 174)","US",-4.23677850140557,347.943114538565,35760.5303994527
"107",28158,"USA 176","US",-5.75695131282675,359.932705592453,35785.9679433688
"108",28184,"MBSAT","PRC",0.0180729091608801,333.230835370417,35781.3336661665
"109",28187,"EUTE 7A (EUTE W3A)","EUTE",-0.0620481869506826,279.20338972091,35796.6780077765
"110",28238,"DIRECTV 7S","US",-0.0239502558980984,153.199283014611,35789.9665678943
"111",28252,"AMC-11 (GE-11)","SES",-0.000859854289288799,141.262820357392,35787.652763941
"112",28358,"INTELSAT 1002","ITSO",0.0125937221513985,271.212945504042,35796.8556901216
"113",28364,"APSTAR 5 (TELSTAR 18)","PRC",-0.333082022313274,50.2191754934578,35775.2747575192
"114",28378,"ANIK F2","CA",-0.0208381211120946,161.162108984871,35785.4818170593
"115",28446,"AMC-15","SES",0.0320481809527602,167.225463185323,35792.2735959011
"116",28472,"AMC-16","SES",-0.00208155302231787,187.23356913114,35795.9379651946
"117",28526,"NSS 10 (AMC-12)","SES",0.0365680980429985,234.756733335887,35799.6721099277
"118",28542,"XTAR-EUR","US",-0.00826716001285329,301.196094254823,35787.8822175863
"119",28626,"XM-3","US",-0.000806135017573243,187.097593747446,35787.1507167485
"120",28628,"INMARSAT 4-F1","IM",1.67105858284596,55.6844770672394,35770.8350193125
"121",28638,"APSTAR 6","PRC",-0.543700804252285,46.0077596443273,35777.2435987104
"122",28644,"SPACEWAY 1","US",0.0865793358364592,133.347315571448,35785.802293877
"123",28659,"DIRECTV 8","US",-0.0291914568036969,171.50794231235,35794.8360470001
"124",28702,"GALAXY 28 (IA 8)","ITSO",-0.00531669095859546,183.246549026983,35786.1454021819
"125",28707,"EXPRESS AM-3","CIS",-0.851025165703207,15.191846659981,35785.481154452
"126",28786,"IPSTAR 1","THAI",0.00508082883494619,31.7671016144288,35776.0934369302
"127",28790,"GALAXY 14","US",-0.0224036211367008,147.258877537088,35789.0627354973
"128",28868,"ANIK F1-R","CA",0.0101140221805883,164.956660940791,35795.5295935827
"129",28884,"GALAXY 15","ITSO",-0.0124403708719644,139.242709999069,35788.8757326888
"130",28885,"SYRACUSE 3A","FR",0.0130192154232454,319.186527358528,35784.4193577775
"131",28899,"INMARSAT 4-F2","IM",-2.10418428907724,336.126813940651,35785.381214349
"132",28902,"TELKOM 2","INDO",-0.0298259049201509,69.2141802541069,35780.6837159876
"133",28903,"SPACEWAY 2","US",0.0100990119165096,173.155607673627,35785.4788995951
"134",28911,"INSAT 4A","IND",0.0654119251737376,355.235755427949,35774.0672973621
"135",28912,"METEOSAT 9 (MSG 2)","EUME",-1.47565894048157,275.825349664809,35793.4787072488
"136",28924,"EUTE 172A (GE 23)","EUTE",0.0581253507184863,86.2868356644013,35766.0724328317
"137",28935,"ECHOSTAR 10","US",-0.0256729711166815,162.040363038177,35787.899675725
"138",28937,"MTSAT 2","JPN",0.0120114947807899,57.2373111388787,35773.2715950364
"139",28945,"SPAINSAT","SPN",0.0105650678238124,242.213601396444,35794.5198556864
"140",28946,"EUTE 9A (HB 7A)","EUTE",0.0425391011159939,285.215826866355,35799.4519815271
"141",29045,"JCSAT 9","JPN",-0.0377780748139058,44.2763499421858,35777.8789979493
"142",29055,"ASTRA 1KR","SES",0.0305078691430842,291.400206625996,35784.0909244
"143",29155,"GOES 13","US",-0.308263593321034,212.13223132206,35828.6874802802
"144",29162,"EUTE 113 WEST A(SATMEX 6","EUTE",-0.0133769374310743,159.277210619664,35792.430762719
"145",29163,"THAICOM 5","THAI",0.0289690637668544,350.707116362977,35772.5711825281
"146",29236,"GALAXY 16","US",-0.0301606188644459,173.282439880526,35792.6336905013
"147",29270,"EUTE HOT BIRD 13B (HB 8)","EUTE",-0.0468651023015267,285.16135859723,35789.9066046956
"148",29272,"JCSAT 10","JPN",0.0113771685041526,40.2384304764276,35778.0596084897
"149",29273,"SYRACUSE 3B","FR",0.00483705939410872,266.986094376998,35803.5458891981
"150",29349,"KOREASAT 5","SKOR",0.00695112437117037,25.2406336325419,35784.1711361436
"151",29494,"DIRECTV 9S","US",-0.0183487655591834,171.177242101736,35794.5674909961
"152",29495,"OPTUS D1","AUS",-0.00026136522057604,72.2586099716222,35772.4804990006
"153",29520,"XM-4","US",-0.0083530637423149,156.931353993269,35785.5169583534
"154",29526,"ARABSAT 4B","AB",-0.0141926182081037,298.184616560841,35780.401774487
"155",29643,"WILDBLUE 1","US",-0.00511773751397791,161.083159042955,35789.708182883
"156",29644,"AMC-18","SES",-0.0215513700689041,133.261552821532,35781.7060111592
"157",29648,"MEASAT 3","MALA",-0.0465136438456769,3.70239734086983,35783.3032489075
"158",30793,"INSAT 4B","IND",-0.0640438998638148,23.4964398162689,35770.3405811832
"159",30794,"SKYNET 5A","UK",0.00358779204639644,7.41971609609074,35774.3338092511
"160",31102,"ANIK F3","CA",-0.0234563651790106,153.476436901741,35794.1090043849
"161",31306,"ASTRA 1L","SES",0.0055203817783128,291.376700214341,35779.2469894799
"162",31307,"GALAXY 17","US",0.0426513338531195,181.265892004957,35796.8201436777
"163",31800,"CHINASAT 6B","PRC",0.0195951313461718,27.6254586585895,35771.5872302404
"164",31862,"DIRECTV 10","US",-0.00412189958905175,169.398359756452,35785.2258740176
"165",32018,"SPACEWAY 3","US",0.00729139833254546,177.278103963794,35786.8275442666
"166",32019,"BSAT-3A","JPN",0.0138351278404469,22.041164257519,35785.684838004
"167",32050,"INSAT 4CR","IND",-0.240430025009959,320.102295999343,35766.784640356
"168",32252,"OPTUS D2","AUS",-0.00606497989893765,64.2394164633957,35772.1951129455
"169",32253,"INTELSAT 11 (PAS 11)","ITSO",0.0307786034861242,229.224592109361,35793.7373183119
"170",32258,"WGS F1 (USA 195)","US",0.0227234081444478,278.260507128471,35788.409923828
"171",32293,"STAR ONE C1","BRAZ",0.0368981109055014,207.228155836432,35799.4058585462
"172",32294,"SKYNET 5B","UK",-0.0483004422881948,297.297228941066,35786.8246505277
"173",32299,"ASTRA 4A (SIRIUS 4)","SES",0.00174229173635778,277.006045752017,35792.8547083561
"174",32388,"HORIZONS 2","ITSO",0.0237683949575467,357.034533176833,35777.068959558
"175",32404,"THURAYA 3","UAE",0.536420051329775,10.6905528564537,35767.3450151155
"176",32478,"EXPRESS AM-33","CIS",0.0148299833778498,8.68632524898315,35787.9319810761
"177",32487,"THOR 5","NOR",0.0269623869493285,271.457502118905,35791.986245723
"178",32500,"WINDS (KIZUNA)","JPN",-1.30419206611001,51.5357881683605,35784.5809415702
"179",32708,"AMC-14","US",-16.8913682943294,288.097505889929,35893.5191782067
"180",32729,"DIRECTV 11","US",0.00730070106221678,173.06095113618,35786.3135765887
"181",32763,"ICO G-1","US",0.355428606286585,179.417350479242,35791.7766218
"182",32767,"VINASAT 1","VTNM",0.0157216214621587,44.1685665131624,35777.7881327228
"183",32768,"STAR ONE C2","BRAZ",0.0258381725418212,202.260038551159,35789.9957173927
"184",32779,"TIANLIAN 1-01","PRC",-3.19556854097259,352.358851732904,35657.5469380266
"185",32794,"AMOS 3","ISRA",0.0264830381993909,268.113135728117,35791.5369426886
"186",32951,"GALAXY 18","US",-0.0183184769398116,149.261094455842,35788.4450591765
"187",33051,"CHINASAT 9","PRC",0.0233173433745947,4.37106142701102,35775.4297700926
"188",33055,"SKYNET 5C","UK",-0.0527312180924706,254.401484755124,35801.5129310857
"189",33056,"TURKSAT 3A","TURK",-0.0372964339056485,314.148194469094,35790.6544005704
"190",33153,"INTELSAT 25(PROTOSTAR 1)","ITSO",0.00785927783572344,240.702346399048,35789.1037767247
"191",33154,"BADR 6","AB",-0.0434627481113978,298.153969952794,35793.0921278379
"192",33207,"ECHOSTAR 11","US",0.00767645963141017,162.261924438521,35795.0261753955
"193",33274,"SUPERBIRD 7","JPN",0.00132657275096401,56.1875162684156,35779.9558186264
"194",33275,"AMC-21","SES",-0.0268282946038813,147.362200026149,35789.2106999383
"195",33278,"INMARSAT 4-F3","IM",0.737706946071478,174.313835129545,35793.2871717208
"196",33373,"NIMIQ 4","CA",-0.0291926036327581,190.228960065144,35795.3559213112
"197",33376,"GALAXY 19","US",-0.0281345174576141,175.253830036665,35795.5483201654
"198",33414,"VENESAT-1","VENZ",-0.023883577498079,194.255067690671,35791.577161892
"199",33436,"ASTRA 1M","SES",0.0202135677088247,291.407184137375,35799.2737546272
"200",33453,"CIEL-2","CA",-0.0188363270846258,143.418920251792,35786.6513480521
"201",33459,"EUTE HOT BIRD 13C (HB 9)","EUTE",-0.0218428345237627,285.167423133038,35799.8853001789
"202",33460,"EUTE 28B (EUTE W2M)","EUTE",-0.055909527688362,320.283873201248,35786.3519581748
"203",33463,"FENGYUN 2E","PRC",-3.2847305152602,358.715640529865,35770.5592290099
"204",33595,"EXPRESS AM-44","CIS",0.000491980355927124,261.228534539241,35787.6865489568
"205",33749,"NSS 9","SES",0.0165826067585263,95.3123789077628,35779.5771777807
"206",33750,"EUTE HOT BIRD 13D (HB10)","EUTE",-0.0390088353906641,305.314903629815,35784.6958027772
"207",34111,"TELSTAR 11N","CA",-0.0027064775412174,234.602629697693,35798.868042287
"208",34710,"EUTE 10A (EUTE W2A)","EUTE",-0.0550659119602386,282.184907777924,35793.2299709373
"209",34713,"WGS F2 (USA 204)","US",0.0286796927238053,332.436209086584,35786.4116784807
"210",34941,"SES 7 (PROTOSTAR 2)","SES",-0.069951359364426,20.4899910626726,35782.1012928173
"211",35362,"MEASAT 3A","MALA",0.024727356711939,3.73712938918306,35784.8188943223
"212",35491,"GOES 14","US",0.13820616009313,167.778971365028,35773.3991628635
"213",35493,"SIRIUS FM-5","US",-0.0244094019020352,186.081475912437,35790.1481326536
"214",35496,"TERRESTAR 1","US",0.906542713470642,161.277766587189,35791.9962898493
"215",35696,"ASIASAT 5","AC",-0.0342498379660572,12.7431916192908,35779.4630938332
"216",35755,"JCSAT 12","JPN",-0.00517638019243695,81.1480275459715,35778.5620070991
"217",35756,"OPTUS D3","AUS",0.0277833076444211,68.2757565726426,35771.5771478776
"218",35812,"PALAPA D","INDO",0.0141115359471052,25.1336210269758,35778.9861109502
"219",35873,"NIMIQ 5","CA",0.023198927137749,199.567884772564,35797.4755472873
"220",35942,"AMAZONAS 2","SPN",0.0505368915618917,211.277491475839,35796.7166753943
"221",35943,"COMSATBW-1","GER",-0.0235878387699682,335.201919712277,35784.8109538201
"222",36032,"NSS 12","SES",-0.0098459215794012,329.168143131019,35785.1009416228
"223",36033,"THOR 6","NOR",0.0259988056605164,271.373280229172,35790.1882486302
"224",36097,"INTELSAT 14","ITSO",-0.00164780919672878,227.251358135367,35797.6085362399
"225",36101,"EUTE 36B (EUTE W7)","EUTE",-0.0428715050434548,308.082979374684,35788.4104340012
"226",36106,"INTELSAT 15","ITSO",0.0251423467864185,357.351055555706,35780.2193972899
"227",36108,"WGS F3 (USA 211)","US",0.0056324252578104,260.217833613471,35788.2028344636
"228",36131,"DIRECTV 12","US",-0.0213680709031599,169.446333780273,35786.9153527769
"229",36287,"BEIDOU 3","PRC",1.22278412965743,51.9637676882531,35788.456598826
"230",36358,"RADUGA 1M-2","CIS",0.0384166887029517,357.182320841863,35779.7617280124
"231",36395,"SDO","US",19.314315563972,166.410048317645,35782.0764652642
"232",36397,"INTELSAT 16","ITSO",-0.0244108873527035,196.049221608247,35793.1094578155
"233",36411,"GOES 15","US",0.0550399384678281,144.200979926312,35786.2688068883
"234",36499,"ECHOSTAR 14","US",-0.0262784398124507,153.365998211317,35790.3287383474
"235",36516,"SES 1","SES",-0.0101314332880012,171.232467503043,35793.494442285
"236",36581,"ASTRA 3B","SES",-0.00315036695443831,295.758443345257,35786.077953255
"237",36582,"COMSATBW-2","GER",0.0166656581410866,285.356250498161,35795.6189137995
"238",36590,"BEIDOU 4","PRC",-1.1347748793999,351.747473198903,35787.694294388
"239",36592,"BADR-5 (ARABSAT 5B)","AB",0.0242512714671632,298.357444738017,35795.4983457433
"240",36744,"COMS 1","SKOR",0.0137120425359033,40.3914743144991,35783.6746544219
"241",36745,"ARABSAT 5A","AB",-0.0522981596598866,302.6912510593,35793.6444573422
"242",36792,"ECHOSTAR 15","US",0.0226849996284941,210.560553088596,35794.9199967541
"243",36830,"NILESAT 201","EGYP",0.0575646506149002,265.199079573033,35804.0366883529
"244",36831,"RASCOM QAF 1R","RASC",0.00251454401692974,275.071379066958,35795.5585110099
"245",36868,"AEHF 1 (USA 214)","US",0.343026372151199,276.159991729763,35796.0695179327
"246",37150,"CHINASAT 6A","PRC",-0.0505041733984877,37.3115187049097,35784.7434172532
"247",37158,"QZS-1 (MICHIBIKI)","JPN",-40.2499500017387,44.0427041790582,32666.2023659238
"248",37185,"XM-5","US",-0.0264173872240916,186.997209604622,35788.0972814956
"249",37207,"BSAT-3B","JPN",0.0412344165154045,22.0566299066484,35775.0790218942
"250",37210,"BEIDOU 6","PRC",0.400054039541827,72.2220194130764,35789.5186490562
"251",37218,"SKYTERRA 1","US",-0.30187320650959,170.926879716296,35794.9975704384
"252",37234,"CHINASAT 20A","PRC",-0.0259776370556802,42.1539131351466,35759.8186133173
"253",37237,"HYLAS 1","UK",0.000468560504543373,285.99708348952,35788.6680438574
"254",37238,"INTELSAT 17","ITSO",0.0089315091003399,338.201727748931,35780.6493140578
"255",37258,"EUTE KA SAT 9A (KA SAT)","EUTE",0.00152623547839397,281.173965310452,35800.0710723442
"256",37265,"KOREASAT 6","SKOR",0.0156411027447035,28.1473475771741,35780.0065749896
"257",37384,"BEIDOU 8","PRC",-28.0376410533514,46.9575766744487,35872.3995481506
"258",37392,"INTELSAT NEW DAWN","ITSO",0.0274239754867639,305.064204735617,35783.1673145297
"259",37393,"YAHSAT 1A","UAE",0.0277045753855907,324.688645297734,35783.9961967451
"260",37481,"SBIRS GEO 1 (USA 230)","US",0.371421330433766,338.41324551464,35779.3815363512
"261",37602,"TELSTAR 14R","CA",-0.0183705889837511,209.225005562921,35801.3736712424
"262",37605,"GSAT 8","IND",0.0208474533541349,327.284956138117,35769.7864872996
"263",37606,"ST 2","STCT",0.0272443410262217,0.226434295757899,35783.6514626856
"264",37677,"CHINASAT 10","PRC",0.0674099540501934,22.741632458879,35787.7292305497
"265",37737,"TIANLIAN 1-02","PRC",0.199271198970065,79.1630816246262,35882.6540811096
"266",37746,"GSAT 12","IND",0.0345710120287507,354.876160291334,35776.3944410839
"267",37748,"SES 3","US",0.019255138847528,169.209089356694,35795.113456034
"268",37749,"KAZSAT 2","KAZ",0.0269492026255307,358.677729270988,35788.586507538
"269",37763,"BEIDOU 9","PRC",3.12935197222098,7.08500081220232,35612.7607655075
"270",37775,"ASTRA 1N","SES",-0.0151109135986108,291.360921912738,35792.4494833423
"271",37776,"BSAT-3C","JPN",0.0201173933073881,22.1769116425051,35787.6421897514
"272",37779,"PAKSAT 1R","PAKI",-0.0278514476231154,310.167242842095,35786.8710755847
"273",37804,"CHINASAT 1A","PRC",0.0253270582845295,42.0584730272534,35778.11340546
"274",37806,"COSMOS 2473","CIS",0.035988462114846,258.718157823525,35804.5185534636
"275",37809,"SES 2","SES",-0.0178502979358376,185.256282070891,35796.025908786
"276",37810,"ARABSAT 5C","AB",-0.0439576405127785,292.193307384724,35790.5516465262
"277",37816,"EUTE 7 WEST A (AB 7)","EUTE",-0.0449227072638055,264.940828309655,35794.6789541526
"278",37826,"QUETZSAT 1","MEX",0.017297446611851,195.305480383345,35794.2484483431
"279",37834,"INTELSAT 18","ITSO",-0.0193593055277193,92.2938152870152,35774.0531142285
"280",37836,"EUTE 16A (EUTE W3C)","EUTE",-0.0498816086923195,288.181738700563,35793.5642320704
"281",37843,"VIASAT 1","US",-0.0252891655003507,157.140032369894,35791.8930050493
"282",37933,"ASIASAT 7","AC",0.00724219157795507,17.737571146991,35777.9439197119
"283",37948,"BEIDOU 10","PRC",45.3656256767177,354.489796519648,35983.9992577802
"284",37951,"LUCH 5A","CIS",-1.90474558094213,78.0771482343163,35773.0514784638
"285",38014,"NIGCOMSAT 1R","NIG",-0.00224602663202508,314.688689188627,35787.668722157
"286",38049,"FENGYUN 2F","PRC",-0.936505241340951,24.3727277684763,35791.6045693414
"287",38070,"WGS F4 (USA 233)","US",0.023845405942424,0.610084962445988,35786.9406704719
"288",38087,"SES 4","SES",-0.0118829873771873,250.221703074089,35795.1672017883
"289",38091,"BEIDOU 11","PRC",-1.99549623290566,331.046678688659,35770.4388496132
"290",38093,"MUOS 1","US",2.62120269245356,94.652914845872,35731.7371476854
"291",38098,"INTELSAT 22","ITSO",0.0234173829404891,344.322163592665,35778.5541816196
"292",38107,"APSTAR 7","PRC",-0.00828488123129195,348.703333142418,35779.1104177327
"293",38245,"YAHSAT 1B","UAE",0.0264479335676775,319.793811298001,35786.7416655794
"294",38254,"AEHF 2 (USA 235)","US",0.0180094533890513,204.735675251085,35804.7885890437
"295",38331,"JCSAT 13","JPN",0.0130024673069899,36.2260082999972,35777.3850026234
"296",38332,"VINASAT 2","VTNM",0.00324149057236684,44.0724741073052,35774.5857092207
"297",38342,"NIMIQ 6","CA",-0.0107972681257933,181.150358202927,35796.4985015135
"298",38352,"CHINASAT 2A","PRC",0.00774377753619603,10.472923732531,35773.092495823
"299",38356,"INTELSAT 19","ITSO",0.00128095941700393,78.2602579304256,35774.5237632538
"300",38551,"ECHOSTAR 17","US",-0.0284522093814824,165.142530140562,35791.6909404694
"301",38552,"METEOSAT 10 (MSG 3)","EUME",-0.990994857179197,281.404279319879,35788.8799251481
"302",38652,"SES 5","SES",0.0184859440138517,277.213257511219,35791.3062247772
"303",38730,"TIANLIAN 1-03","PRC",0.0395583334417292,288.980149744769,35806.9466337671
"304",38740,"INTELSAT 20","ITSO",0.0134255389067246,340.72493277554,35792.2430882812
"305",38741,"HYLAS 2","UK",-0.00572957026970092,303.231813722728,35787.9854235978
"306",38749,"INTELSAT 21","ITSO",-0.00477926088393078,214.248346434042,35795.3496092468
"307",38778,"ASTRA 2F","SES",0.068429613968382,300.524355347212,35784.4088280255
"308",38779,"GSAT 10","IND",-0.0892790593363169,355.211782813004,35782.4675514529
"309",38867,"INTELSAT 23","ITSO",0.0275252314629031,219.216051482711,35794.5849032141
"310",38953,"BEIDOU 16","PRC",-1.74987764937413,356.290278247782,35769.8658671792
"311",38977,"LUCH 5B","CIS",-0.487089805809691,255.842744963475,35804.227374445
"312",38978,"YAMAL 300K","CIS",-0.00473000225920337,95.1988106781717,35783.5607543523
"313",38991,"STARONE C3","BRAZ",0.0263944499910387,197.254522680088,35796.4634892285
"314",38992,"EUTE 21B","EUTE",-0.0473602276503517,293.7869159004,35788.2164365874
"315",39008,"ECHOSTAR 16","US",-0.0101195069829704,210.73539627003,35793.3740782451
"316",39017,"CHINASAT 12","PRC",0.00369065493459236,359.669424955046,35776.829701157
"317",39020,"EUTE 70B","EUTE",0.00909881255872687,342.702882462478,35785.0631863891
"318",39022,"YAMAL 402","CIS",0.00127073981328605,327.100932113333,35784.5416314715
"319",39034,"SKYNET 5D","UK",-0.0134452276349579,325.031484404005,35780.7552746447
"320",39035,"MEXSAT 3","MEX",-0.0264535903815135,157.43404412808,35789.3919646238
"321",39070,"TDRS 11","US",3.47484485153542,97.9389930276802,35787.9004903892
"322",39078,"AMAZONAS 3","SPN",-0.00468886904784354,211.238630162816,35791.0045112373
"323",39079,"AZERSPACE 1","AZER",0.0151805070709138,318.197140366341,35791.63842369
"324",39120,"SBIRS GEO 2 (USA 241)","US",-1.62178577427022,292.862497709934,35787.7753361391
"325",39122,"EUTE 117 WEST A(SATMEX 8","EUTE",-0.00628806358809559,155.444367507529,35793.7154563712
"326",39127,"ANIK G1","CA",-0.0245378233447087,164.94363327378,35792.4717908839
"327",39157,"CHINASAT 11","PRC",0.00870906927413909,10.2495064043465,35777.9512777426
"328",39163,"EUTE 7B (EUTE 3D)","EUTE",-0.0365130308574713,279.159073106885,35791.1531624312
"329",39168,"WGS 5 (USA 243)","US",-0.00680560378095209,219.754384116123,35787.7901647752
"330",39172,"SES 6","SES",-0.0306185056270372,231.729251839477,35794.9436781696
"331",39199,"IRNSS R1A","IND",-20.3270276787061,323.335301316158,35724.4089948355
"332",39206,"MUOS 2","US",-0.373394575292646,172.16546633737,36025.0449595405
"333",39215,"ALPHASAT (I-4A F4)","IM",-2.17802075146946,297.112467025394,35789.2397057903
"334",39216,"INSAT 3D","IND",-0.0448794187605722,354.271982142178,35783.5806221857
"335",39222,"WGS 6 (USA 244)","US",-0.0203699797810453,137.030044418708,35784.455193717
"336",39233,"EUTE 25B","EUTE",-0.0407041833216313,297.726663136214,35787.7604956897
"337",39234,"GSAT 7","IND",-0.0730637415944247,346.29785714927,35769.4825461713
"338",39237,"AMOS 4","ISRA",-0.0376095369268835,337.222690690231,35784.0349176238
"339",39256,"AEHF 3 (USA 246)","US",1.14811738891957,64.4599415292448,35766.436414481
"340",39285,"ASTRA 2E","SES",-0.0655976242906388,300.693588338184,35784.2247377393
"341",39360,"SIRIUS FM-6","US",-0.0197598480171658,156.091035670455,35784.8237561823
"342",39375,"RADUGA 1M-3","CIS",0.0229173405511491,342.255445989298,35784.426415975
"343",39460,"SES 8","SES",0.0170685204871014,7.21582377126242,35778.8925837659
"344",39476,"INMARSAT 5-F1","IM",0.0253543280977236,334.823890142638,35787.0186503971
"345",39481,"TKSAT 1","BOL",-0.0266266910818624,185.054070649557,35798.3336972763
"346",39487,"EXPRESS AM-5","CIS",0.00317572708997254,52.2486333602232,35782.9949682706
"347",39498,"GSAT 14","IND",-0.0432013803296669,346.222275822922,35774.9272302702
"348",39500,"THAICOM 6","THAI",-0.0423150395195401,350.705708984029,35786.9053127461
"349",39504,"TDRS 12","US",-5.00197049284672,231.243434465266,35785.7760313262
"350",39508,"ABS 2","PRC",0.0249487458389538,347.120923682396,35778.3633628095
"351",39509,"ATHENA-FIDUS","FRIT",0.0154916203575565,310.076712656643,35787.2096865803
"352",39522,"TURKSAT 4A","TURK",0.0303083864224363,314.225991414988,35776.8365818895
"353",39612,"EXPRESS AT1","CIS",0.00844228187577049,328.231903534905,35785.9403307524
"354",39613,"EXPRESS AT2","CIS",0.00845560985836852,52.0709686261656,35783.4558742685
"355",39616,"AMAZONAS 4A","SPN",0.0511363141425969,198.265778344359,35799.5470088852
"356",39617,"ASTRA 5B","SES",-0.0199811223678118,303.726687426614,35782.5698470528
"357",39635,"IRNSS 1B","IND",19.1445067329965,323.441750696171,35844.1776916989
"358",39727,"LUCH 5V","CIS",1.20117491036034,6.88207953728097,35775.3983017952
"359",39728,"KAZSAT 3","KAZ",0.0314373004292476,330.76255267236,35785.106769578
"360",39773,"EUTE 3B","EUTE",-0.0506289156082989,275.349473855309,35793.5093279813
"361",40107,"ASIASAT 8","AC",0.0111178976002235,268.345490960782,35789.8591173499
"362",40141,"ASIASAT 6","AC",0.00709544401536273,32.1498624358352,35782.9649457939
"363",40146,"OPTUS 10","AUS",0.0141784648814785,68.2360845473992,35777.3049028809
"364",40147,"MEASAT 3B","MALA",0.00729390295708667,3.71587875700819,35776.4689517536
"365",40258,"LUCH (OLYMP)","CIS",0.0220160472545091,332.109435054114,35788.5254777585
"366",40267,"HIMAWARI 8","JPN",-0.015781407698794,52.8892341519304,35781.5479786903
"367",40269,"IRNSS 1C","IND",1.21377330861348,355.466255477916,35838.2445927635
"368",40271,"INTELSAT 30","ITSO",-0.028069893282841,177.201764185707,35785.2013659706
"369",40272,"ARSAT 1","ARGN",-0.0101230917992507,200.446233682968,35790.9158469306
"370",40277,"EXPRESS AM-6","CIS",0.0154444384256409,325.231588100815,35790.8510767343
"371",40332,"GSAT 16","IND",-0.0613013677074277,327.246828711516,35794.876289521
"372",40333,"DIRECTV 14","US",-0.0263818318263013,172.971978320908,35783.8459019897
"373",40345,"YAMAL 401","CIS",0.0146657674673926,2.12989149162727,35787.5510466046
"374",40364,"ASTRA 2G","SES",-0.0316162738064115,300.392042686645,35791.9568006296
"375",40367,"FENGYUN 2G","PRC",-1.10750283111732,11.6009971264321,35781.5424837481
"376",40374,"MUOS 3","US",-3.22218653869133,257.36197788162,35833.8671498852
"377",40384,"INMARSAT 5-F2","IM",-0.00922063782214758,217.188269399564,35787.4640219882
"378",40424,"ABS 3A","PRC",0.00495036513231003,269.247927707723,35780.8447738769
"379",40425,"EUTE 115 WEST B(SATMEX 7","EUTE",-0.00406501248804583,157.366438363658,35786.8098404154
"380",40505,"EXPRESS AM-7","CIS",0.0262215873438412,312.314076493822,35780.6799184038
"381",40547,"IRNSS 1D","IND",28.8213026810314,25.8366616669088,35775.1800341641
"382",40549,"BD-17","PRC",32.2238397729387,353.651422576913,35922.4567513554
"383",40613,"THOR 7","NOR",0.0257274719566203,271.560373336291,35792.7209958131
"384",40617,"TURKMENALEM 52E/MONACOSA","TMMC",0.018238191826515,324.211046996532,35785.5525255331
"385",40663,"DIRECTV 15","US",-0.00682203497310521,171.401527058282,35785.655194696
"386",40664,"SKY MEXICO-1","MEX",-0.0313825220739581,193.482028865864,35793.8468848151
"387",40732,"METEOSAT 11 (MSG 4)","EUME",0.713853226038818,272.083822402463,35785.2517550785
"388",40733,"STARONE C4","BRAZ",0.0181000545883713,202.21928858392,35798.2076948733
"389",40746,"WGS 7 (USA 263)","US",-0.00177900384796875,87.2340995022688,35785.8209983716
"390",40874,"INTELSAT 34","ITSO",-0.0109050104041749,216.680727339558,35786.2765936897
"391",40875,"EUTE 8 WEST B","EUTE",-0.0568884246065826,264.213890245296,35798.3268920109
"392",40880,"GSAT 6","IND",-0.0652176532308869,355.326297506747,35777.3852007858
"393",40882,"INMARSAT 5-F3","IM",-0.0152518189097389,91.8160064585722,35783.2445118746
"394",40887,"MUOS 4","US",0.684444491300276,347.280746769157,35547.5969510999
"395",40892,"TJS-1","PRC",-0.0723643533551648,67.1880129527762,35769.0393398391
"396",40895,"EXPRESS AM-8","CIS",-0.00122707209408321,258.21694320865,35790.4413777853
"397",40938,"BD-20","PRC",51.9503863718115,1.61727632206505,35828.5686849409
"398",40940,"SKY MUSTER","AUS",0.00775118208469069,52.4605598455409,35779.2200890837
"399",40941,"ARSAT 2","ARGN",-0.0157164956614444,191.250911665485,35791.5083524852
"400",40946,"MORELOS 3","MEX",-1.05683787024135,159.073960803446,35788.6233648892
"401",40982,"APSTAR 9","PRC",-0.0327194733882801,54.2448936808941,35780.3267703872
"402",40984,"TURKSAT 4B","TURK",0.00420080510911543,322.208634230663,35784.606840952
"403",41021,"CHINASAT 2C","PRC",0.0193807676448612,15.5714830658524,35775.1487803633
"404",41028,"GSAT 15","IND",-0.0618506693376289,5.74403292845769,35778.9685702787
"405",41029,"BADR 7","AB",0.0345666374263259,298.257584839605,35780.6255577138
"406",41034,"LAOSAT 1","LAOS",-0.0166661415176288,40.7633563347492,35776.415863312
"407",41036,"TELSTAR 12V","CA",0.0169994665614169,257.215596454691,35790.8068520888
"408",41103,"CHINASAT 1C","PRC",-0.621546501439453,353.618632558777,35775.6378405909
"409",41105,"ELEKTRO-L 2","CIS",-0.174099564703837,348.187284206209,35781.5857369813
"410",41121,"COSMOS 2513","CIS",-0.0465125444902545,352.443885387123,35777.3425738158
"411",41191,"EXPRESS AMU1","CIS",0.0253518306994578,308.305383019899,35782.9142536129
"412",41194,"GAOFEN 4","PRC",-0.0672739192608551,17.9247960323074,35795.2498127948
"413",41238,"BELINTERSAT 1","BELA",-0.00524278730019981,323.709309412949,35786.9218155381
"414",41241,"IRNSS-1E","IND",-28.5933926657126,25.5588528601735,35803.269113579
"415",41310,"EUTE 9B","EUTE",-0.0193445703846387,281.196057523524,35775.4004560487
"416",41380,"SES 9","SES",0.0212760970585437,20.4985203390228,35780.1336846373
"417",41382,"EUTE 65W","EUTE",-0.0146179267166828,207.039436970725,35794.1025911827
"418",41384,"IRNSS 1F","IND",2.49684780308821,304.393330091586,35828.1889591374
"419",41434,"BEIDOU IGSO-6","PRC",-44.8563390713355,23.7417294867959,35830.512919514
"420",41469,"IRNSS 1G","IND",1.12459941820365,41.7540070991941,35767.3855870877
"421",41471,"JCSAT 2B","JPN",-0.00338478306995462,66.2519191355823,35778.3899152775
"422",41552,"THAICOM 8","THAI",-0.0429554302285125,350.742340103412,35772.2096143177
"423",41581,"INTELSAT 31","ITSO",-0.0251810467934271,177.140906061313,35777.0507248771
"424",41586,"BD-2-G7","PRC",-0.159907428252897,22.7510184152558,35749.7815126494
"425",41588,"ABS 2A","BERM",0.0266055754880836,346.932946966467,35777.9649339621
"426",41589,"EUTELSAT 117W B","EUTE",-0.00406765651554682,155.272522415044,35785.4892177704
"427",41591,"BRISAT","INDO",0.00475850724990031,62.733957709777,35777.9675672423
"428",41592,"ECHOSTAR 18","US",-0.0121084783178201,210.838842625704,35793.9061502575
"429",41622,"MUOS 5","US",-4.77411338525341,167.295527035214,34947.4168602586
"430",41725,"TIANTONG-1 1","PRC",2.55380896199237,13.5518815577828,35761.0756975066
"431",41729,"JCSAT 16","JPN",-0.00286361096392903,48.2687538556206,35778.6808945466
"432",41747,"INTELSAT 36","ITSO",0.00938478443601506,340.715968449162,35783.9198265411
"433",41748,"INTELSAT 33E","ITSO",0.00991239711465378,332.213863428109,35784.866403172
"434",41752,"INSAT 3DR","IND",-0.139884545908881,346.324044889961,35766.9908543806
"435",41793,"GSAT 18","IND",-0.10092253519405,346.21203149329,35786.3684097126
"436",41794,"SKY MUSTER 2","AUS",0.00611289320156076,57.031088577274,35779.6046268377
"437",41836,"HIMAWARI 9","JPN",-0.010125011378827,52.9866454721692,35784.1184377645
"438",41838,"SJ-17","PRC",-0.636627579288844,5.80909520929631,35778.8163264543
"439",41866,"GOES 16","US",-0.00982529271973888,197.038073476645,35788.135032637
"440",41869,"TIANLIAN 1-04","PRC",1.08817627751094,349.059879277277,35783.2381597165
"441",41879,"WGS 8 (USA 272)","US",-0.000734683143384016,61.9952456301219,35785.0316239714
"442",41882,"FENGYUN 4A","PRC",0.17843950417489,16.8755219971713,35799.2917949747
"443",41893,"ECHOSTAR 19","US",-0.0284432167618991,175.125803009101,35788.578716725
"444",41903,"JCSAT 15","JPN",0.0172419561439724,22.2684170557103,35780.9446390143
"445",41904,"STARONE D1","BRAZ",-0.00218189404005113,188.249401252553,35794.6061165458
"446",41911,"TJS-2","PRC",0.036953731754938,19.8101709401568,35763.1428360925
"447",41937,"SBIRS GEO 3 (USA 273)","US",1.52930953342115,112.9424565574,35781.0631406813
"448",41942,"HISPASAT 36W-1","SPN",0.00374098794404553,236.192053995901,35790.5511126057
"449",41944,"TELKOM 3S","INDO",0.0101995328393396,30.1732420624369,35776.8541300031
"450",41945,"INTELSAT 32E","ITSO",-0.00236441418362908,229.063666157503,35786.7792930159
"451",42070,"ECHOSTAR 23","US",-0.00437730817205127,227.319555726082,35793.835430557
"452",42075,"WGS 9 (USA 275)","US",0.0312756636593453,329.022668205106,35788.0478445807
"453",42432,"SES 10","SES",-0.0134699044647299,205.344042944697,35796.6206179507
"454",42662,"CHINASAT 16","PRC",-0.0564718706833648,22.7798745237349,35795.5839368718
"455",42691,"KOREASAT 7","SKOR",0.0138855220591032,28.138310248138,35779.2909785433
"456",42692,"SGDC","BRAZ",0.0327106911006418,197.383200479944,35795.4827125078
"457",42695,"GSAT 9","IND",-0.0452401213779466,9.55273529866479,35778.347257263
"458",42698,"INMARSAT 5-F4","IM",0.0281636782625399,328.699507503581,35787.8851622479
"459",42709,"SES 15","SES",-0.022765786287751,143.07809676264,35785.0928187932
"460",42738,"QZS-2","JPN",34.6888096989218,53.7282648945377,38327.9854532233
"461",42740,"VIASAT 2","US",-0.016060626642439,202.302597693798,35786.8642111054
"462",42741,"EUTELSAT 172B","EUTE",-0.0204626759335607,84.233638326107,35784.4450634093
"463",42747,"GSAT 19","IND",-0.0528366081958729,320.028986597422,35788.4093752036
"464",42749,"ECHOSTAR 21","US",-3.38175933338136,282.656431951182,35791.3800953334
"465",42763,"CHINASAT 9A","PRC",-0.0195508571669409,13.6756224121013,35778.2111647074
"466",42801,"BULGARIASAT-1","BGR",0.0174491537583758,274.098730524419,35792.8934503178
"467",42814,"HELLAS-SAT 3","ESA",-0.0713340904935146,311.159592160309,35780.5596910402
"468",42815,"GSAT 17","IND",-0.0836997339119284,5.79317283524184,35777.3691425288
"469",42818,"INTELSAT 35E","ITSO",0.0232416662679359,237.728395299248,35795.6200450547
"470",42907,"COSMOS 2520","CIS",0.0226861816015966,317.333287331622,35787.9783494854
"471",42915,"TDRS 13","US",-5.81592674442826,260.773160490287,35846.1858545733
"472",42917,"QZS-3","JPN",-0.00607176038384886,39.274152594542,35777.9574057209
"473",42934,"AMAZONAS 5","SPN",-0.0311458550995619,211.217711220212,35805.2113588037
"474",42942,"ASIASAT 9","AC",0.000901035962903264,34.3175667486335,35775.6644179232
"475",42950,"INTELSAT 37E","ITSO",0.00794260701812441,254.213234556032,35795.5182958416
"476",42951,"BSAT-4A","JPN",-0.0373840240563652,22.0201227765689,35768.6730792461
"477",42965,"QZS-4","JPN",25.2193032854456,50.1876553129503,37669.3517654856
"478",42967,"ECHOSTAR 105/SES 11","SES",-0.0240166063781079,167.300490542357,35791.9904921658
"479",42984,"KOREASAT 5A","SKOR",-0.00166745294346281,25.3800476353089,35779.2922880354
"480",43039,"ALCOMSAT 1","ALG",0.0101604013911477,247.441900012364,35797.0367609515
"481",43162,"SBIRS GEO 4 (USA 282)","US",5.72825211891766,51.2338549298982,35776.2056859822
"482",43174,"AL YAH 3","UAE",-0.00450822948119138,252.140994892946,35793.3446923157
"483",43175,"SES 14","SES",-0.0154776734438931,224.719333291991,35790.3286398537
"484",43226,"GOES 17","US",0.010250081572124,135.07012515069,35785.4363312966
"485",43228,"HISPASAT 30W-6","SPN",-0.00781625965594136,242.188556213399,35812.9975005559
"486",43271,"SUPERBIRD 8","JPN",-0.0107499701788109,74.2360521602334,35781.4641152973
"487",43272,"HYLAS 4","UK",0.060389732653974,238.764571932364,35788.692886393
"488",43286,"IRNSS 1I","IND",-14.5617605675951,324.205072408773,35706.3724204453
"489",43432,"COSMOS 2526","CIS",-0.0368882252160244,40.1702045993919,35782.8115181607
"490",43450,"APSTAR 6C","PRC",-0.0319364022523254,46.4677172499132,35769.406209135
"491",43463,"BANGABANDHUSAT-1","BGD",0.0201907297098381,31.3181930433309,35775.7197068425
"492",43488,"SES-12","SES",0.0135782066799232,7.21805365048154,35793.5339699494
"493",43491,"FENGYUN 2H","PRC",1.53024063237571,351.167614867125,35794.2695555016
"494",43539,"BEIDOU IGSO-7","PRC",-14.1973060674298,16.2385017769244,35685.0636679072
"495",43562,"TELSTAR 19V","CA",-0.000935174561394172,209.238155979299,35787.5485139514
"496",43587,"TELKOM-4","INDO",0.0204098046107467,20.1873818953938,35782.212321014
"497",43611,"TELSTAR 18V","CA",0.0113775722242673,50.2420615055594,35778.3464645874
"498",43632,"AZERSPACE 2/INTELSAT 38","AZER",0.0311522157234182,317.323081198,35784.4506224983
"499",43633,"HORIZONS 3E","ITSO",0.00429585917059812,81.2310232630487,35785.845773645
"500",43651,"AEHF 4 (USA 288)","US",-3.40053122550326,177.919563182583,35802.6357337629
"501",43683,"BEIDOU 3G1","PRC",1.49664316693624,56.651639735505,35782.00996812
"502",43698,"GSAT 29","IND",-0.0147088543542058,327.221904514212,35781.7922321115
"503",43700,"ES'HAIL 2","TBD",0.0232549784655879,298.003822185294,35789.6658853796
"504",43823,"GEO-KOMPSAT-2A","SKOR",-0.0140374142536787,40.4568391789203,35778.388410112
"505",43824,"GSAT 11","IND",0.0752102075329809,346.144446581114,35783.6530621122
"506",43864,"GSAT 7A","IND",-0.082071370503819,335.008667293052,35781.6472318032
"507",43867,"OBJECT A","CIS",-0.00717415635663816,342.186309310019,35786.46708554
"508",43874,"TJS-3","PRC",-0.0924648811160349,331.215387465702,35785.0045199911
"509",43917,"TJS-3 AKM","PRC",-0.100042803770364,331.272159093228,35786.436405852
"510",43920,"CHINASAT 2D","PRC",-0.0262870301619385,42.2604747993505,35779.5520362901
