39508,ABS-2,2019,4,30,3,37,43.740512,41095.9509426,-9396.435619,18.3379392942
41588,ABS-2A (MONGOLSAT-1),2019,4,30,3,37,43.740512,41064.5132351,-9531.12271577,19.5555645723
40424,ABS-3A,2019,4,30,3,37,43.740512,-553.368707743,-42155.3497676,3.63885413254
28184,ABS-4 (MOBISAT-1),2019,4,30,3,37,43.740512,37641.1684189,-18988.5025803,13.2849680438
25924,ABS-6,2019,4,30,3,37,43.740512,13510.144821,39931.1278805,-14.1721429572
25894,ABS-7,2019,4,30,3,37,43.740512,37122.7164835,19974.0868431,-42.3117118126
36868,AEHF-1 (USA 214),2019,4,30,3,37,43.740512,4525.42801231,-41929.947634,252.237297056
38254,AEHF-2 (USA 235),2019,4,30,3,37,43.740512,-38312.5481586,-17650.7135612,13.2456956595
39256,AEHF-3 (USA 246),2019,4,30,3,37,43.740512,18166.6529683,38018.7507287,843.599144182
43651,AEHF-4 (USA 288),2019,4,30,3,37,43.740512,-42078.824433,1528.57383281,-2499.45084797
43039,ALCOMSAT 1,2019,4,30,3,37,43.740512,-16179.2433891,-38948.3928968,7.47145549045
39215,ALPHASAT,2019,4,30,3,37,43.740512,19203.4320246,-37506.6699348,-1600.92763409
43174,AL YAH 3,2019,4,30,3,37,43.740512,-12932.967672,-40139.409616,-3.31483797834
35942,AMAZONAS 2,2019,4,30,3,37,43.740512,-36045.2668933,-21896.4753948,37.1620377979
39078,AMAZONAS 3,2019,4,30,3,37,43.740512,-36055.2399652,-21869.0684518,-3.44746820916
39616,AMAZONAS 4A,2019,4,30,3,37,43.740512,-40052.4547769,-13219.5491263,37.6053459925
42934,AMAZONAS 5,2019,4,30,3,37,43.740512,-36075.3666056,-21863.2631998,-22.9075605006
28252,AMC-11 (GE-11),2019,4,30,3,37,43.740512,-32890.3498586,26385.1987333,-0.632153392784
32708,AMC-14,2019,4,30,3,37,43.740512,12565.0856931,-38448.5956222,-12270.4840172
28446,AMC-15,2019,4,30,3,37,43.740512,-41126.590265,9324.5132408,23.5639781529
28472,AMC-16,2019,4,30,3,37,43.740512,-41838.4156635,-5310.32688192,-1.53063098999
29644,AMC-18,2019,4,30,3,37,43.740512,-28893.3964787,30702.1782847,-15.8420423251
24315,AMC-1 (GE-1),2019,4,30,3,37,43.740512,-32893.9694025,26314.4730095,1909.57174569
33275,AMC-21,2019,4,30,3,37,43.740512,-35508.9833367,22741.9639651,-19.724532757
24713,AMC-2 (GE-2),2019,4,30,3,37,43.740512,-41684.2055403,-5534.05326927,3359.28745902
24936,AMC-3 (GE-3),2019,4,30,3,37,43.740512,-39548.9800766,-14596.4250146,1259.72683062
25954,AMC-4 (GE-4),2019,4,30,3,37,43.740512,-31013.5144907,28569.2893828,-16.2017715035
26580,AMC-6 (GE-6),2019,4,30,3,37,43.740512,-41620.9257664,-6797.52815932,22.8106117233
26495,AMC-7 (GE-7),2019,4,30,3,37,43.740512,-30979.8945419,28600.1729987,164.568057596
26639,AMC-8 (GE-8),2019,4,30,3,37,43.740512,-28909.999425,30697.907656,-0.980374064867
32794,AMOS-3,2019,4,30,3,37,43.740512,-1388.48030122,-42146.8046636,19.4717707248
39237,AMOS-4,2019,4,30,3,37,43.740512,38874.211758,-16323.1012935,-27.6476526195
23553,AMSC 1,2019,4,30,3,37,43.740512,-40587.3006368,9862.90398239,5933.60925231
26624,ANIK F1,2019,4,30,3,37,43.740512,-40716.1812326,10948.3608617,3.45191733996
28868,ANIK F1R,2019,4,30,3,37,43.740512,-40728.3649945,10946.158388,7.43708446888
28378,ANIK F2,2019,4,30,3,37,43.740512,-39905.1612105,13614.2802087,-15.3191185167
31102,ANIK F3,2019,4,30,3,37,43.740512,-37733.6470777,18832.6820579,-17.247449138
39127,ANIK G1,2019,4,30,3,37,43.740512,-40722.919124,10954.6235888,-18.0419433714
28364,APSTAR 5 (TELSTAR 18),2019,4,30,3,37,43.740512,26971.5121964,32394.2535462,-244.804122788
28638,APSTAR 6,2019,4,30,3,37,43.740512,29278.1639622,30326.6446036,-399.616816042
43450,APSTAR 6C,2019,4,30,3,37,43.740512,29029.6710286,30556.3912657,-23.4690447679
38107,APSTAR 7,2019,4,30,3,37,43.740512,41340.4948319,-8258.14505634,-6.08969883122
40982,APSTAR 9,2019,4,30,3,37,43.740512,24634.1135375,34212.5114348,-24.0507350646
36745,ARABSAT-5A,2019,4,30,3,37,43.740512,22777.4680434,-35491.4725051,-38.4543724476
37810,ARABSAT-5C,2019,4,30,3,37,43.740512,15928.4851935,-39044.5977827,-32.3192912654
40272,ARSAT 1,2019,4,30,3,37,43.740512,-39512.4192386,-14730.8414039,-7.44293841551
40941,ARSAT 2,2019,4,30,3,37,43.740512,-41359.2349792,-8227.5474731,-11.5556152266
25657,ASIASAT 3S,2019,4,30,3,37,43.740512,22138.5906416,35855.973928,-816.387209726
27718,ASIASAT 4,2019,4,30,3,37,43.740512,27361.957608,-32079.3377581,-5.90074720664
35696,ASIASAT 5,2019,4,30,3,37,43.740512,41119.1894638,9299.18647421,-25.1751265188
40141,ASIASAT 6,2019,4,30,3,37,43.740512,35696.0822004,22435.423009,5.21589515518
37933,ASIASAT 7,2019,4,30,3,37,43.740512,40152.0610196,12843.174297,5.32313533829
40107,ASIASAT 8,2019,4,30,3,37,43.740512,-1217.50038831,-42150.4154484,8.17415794909
42942,ASIASAT 9,2019,4,30,3,37,43.740512,34815.8986629,23765.4407457,0.662241080109
26107,ASIASTAR,2019,4,30,3,37,43.740512,40208.8751813,12469.5462563,-2010.91030223
23331,ASTRA 1D,2019,4,30,3,37,43.740512,-39680.7995489,-14050.5599753,2680.86754179
23842,ASTRA 1F,2019,4,30,3,37,43.740512,30585.3712092,-29017.0399403,-27.5076352032
25071,ASTRA 1G,2019,4,30,3,37,43.740512,36197.8878156,-21450.6728235,-2624.10800311
25785,ASTRA 1H,2019,4,30,3,37,43.740512,-38106.6795298,-17911.8109085,2466.23320987
29055,ASTRA 1KR,2019,4,30,3,37,43.740512,15384.1575337,-39255.3264799,22.4270804529
31306,ASTRA 1L,2019,4,30,3,37,43.740512,15366.2876811,-39257.1294322,4.05770108304
33436,ASTRA 1M,2019,4,30,3,37,43.740512,15394.4808117,-39267.591183,14.8648445906
37775,ASTRA 1N,2019,4,30,3,37,43.740512,15360.2847763,-39273.6539218,-11.1106068538
25462,ASTRA 2A,2019,4,30,3,37,43.740512,41190.7421688,8939.13007976,-475.453706842
26494,ASTRA 2B,2019,4,30,3,37,43.740512,15440.8562418,-39213.3608739,-1539.65496506
26853,ASTRA 2C,2019,4,30,3,37,43.740512,18456.0848733,-37906.8564582,-632.043798602
26638,ASTRA 2D,2019,4,30,3,37,43.740512,5363.56717969,-41783.8804542,-1855.9318442
39285,ASTRA 2E,2019,4,30,3,37,43.740512,21521.6240392,-36255.7873759,-48.2225622949
38778,ASTRA 2F,2019,4,30,3,37,43.740512,21414.5348427,-36319.3534503,50.3046522978
40364,ASTRA 2G,2019,4,30,3,37,43.740512,21334.4364182,-36375.2401083,-23.2462361916
27400,ASTRA 3A,2019,4,30,3,37,43.740512,-29639.8552758,-29976.8400712,1296.43751786
36581,ASTRA 3B,2019,4,30,3,37,43.740512,18323.6394758,-37974.5342778,-2.31602113057
32299,ASTRA 4A (SIRIUS 4),2019,4,30,3,37,43.740512,5143.76768148,-41856.1129832,1.281067806
39617,ASTRA 5B,2019,4,30,3,37,43.740512,23408.9670066,-35064.872017,-14.6880814843
39509,ATHENA-FIDUS,2019,4,30,3,37,43.740512,27146.5839165,-32264.2110243,11.389112507
39079,AZERSPACE 1,2019,4,30,3,37,43.740512,31435.1515018,-28109.0925616,11.1615619798
43632,AZERSPACE 2 (IS-38),2019,4,30,3,37,43.740512,30997.412395,-28580.4775127,22.9009509018
29526,BADR-4,2019,4,30,3,37,43.740512,19912.0727511,-37159.8121821,-10.4324271745
36592,BADR-5,2019,4,30,3,37,43.740512,20031.2408719,-37112.8628522,17.8325312081
33154,BADR-6,2019,4,30,3,37,43.740512,19898.1764464,-37181.636838,-31.9573551739
41029,BADR-7 (ARABSAT-6B),2019,4,30,3,37,43.740512,19959.4839059,-37134.6148001,25.4086892443
43463,BANGABANDHUSAT-1,2019,4,30,3,37,43.740512,36011.777248,21911.1687105,14.8397494459
40549,BD-17,2019,4,30,3,37,43.740512,35570.7524707,-3957.57624077,22536.3264827
40938,BD-20,2019,4,30,3,37,43.740512,26011.6522251,734.420680845,33213.5888985
41586,BD-2-G7,2019,4,30,3,37,43.740512,38849.9666553,16291.9550451,-117.455958869
37948,BEIDOU 10,2019,4,30,3,37,43.740512,29632.843108,-2858.64442205,30122.3707915
38091,BEIDOU 11,2019,4,30,3,37,43.740512,36858.267399,-20391.6341828,-1466.16710727
38953,BEIDOU 16,2019,4,30,3,37,43.740512,42040.093805,-2725.77404349,-1285.74415208
36287,BEIDOU 3,2019,4,30,3,37,43.740512,25975.4437799,33203.7505909,898.923685312
43683,BEIDOU-3 G1,2019,4,30,3,37,43.740512,23168.7181935,35206.2093245,1100.03994633
36590,BEIDOU 4,2019,4,30,3,37,43.740512,41721.0307444,-6051.14019379,-834.217786317
37210,BEIDOU 6,2019,4,30,3,37,43.740512,12874.710142,40153.0375498,294.125033833
37384,BEIDOU 8,2019,4,30,3,37,43.740512,25456.0946464,27257.8279985,-19842.0637768
37763,BEIDOU 9,2019,4,30,3,37,43.740512,41608.192041,5171.51324474,2289.97015575
41434,BEIDOU IGSO-6,2019,4,30,3,37,43.740512,27395.4662809,12049.5738674,-29748.4379528
43539,BEIDOU IGSO-7,2019,4,30,3,37,43.740512,39152.8388703,11403.4875387,-10306.3373316
41238,BELINTERSAT-1,2019,4,30,3,37,43.740512,33986.0686988,-24956.7486754,-3.85436033201
26469,BRASILSAT B4,2019,4,30,3,37,43.740512,-42116.0845703,-230.091540294,2226.88527255
41591,BRISAT,2019,4,30,3,37,43.740512,19312.6731755,37472.0935478,3.4975866198
32019,BSAT-3A,2019,4,30,3,37,43.740512,39082.2557925,15822.9280035,10.1709259725
37207,BSAT-3B,2019,4,30,3,37,43.740512,39068.1447624,15829.4904034,30.3059408321
37776,BSAT-3C (JCSAT-110R),2019,4,30,3,37,43.740512,39046.4691273,15916.2170255,14.7900349387
42951,BSAT-4A,2019,4,30,3,37,43.740512,39072.2860593,15802.1930911,-27.471849639
42801,BULGARIASAT-1,2019,4,30,3,37,43.740512,3014.18878929,-42063.170475,12.8299806921
37677,CHINASAT 10 (ZX 10),2019,4,30,3,37,43.740512,38887.7568545,16300.3123656,49.5589767337
39157,CHINASAT 11 (ZX 11),2019,4,30,3,37,43.740512,41483.3706622,7501.04635134,6.4013167786
39017,CHINASAT 12 (ZX 12),2019,4,30,3,37,43.740512,42154.2649769,-243.216913832,2.7126230712
42662,CHINASAT 16 (SJ-13),2019,4,30,3,37,43.740512,38884.1185956,16329.3090061,-41.5251757407
37804,CHINASAT 1A (ZX 1A),2019,4,30,3,37,43.740512,31299.3923624,28239.9918394,18.615897699
41103,CHINASAT 1C (ZX 1C),2019,4,30,3,37,43.740512,41890.1325164,-4684.93767145,-456.813418083
38352,CHINASAT 2A (ZX 2A),2019,4,30,3,37,43.740512,41449.0282791,7661.86467551,5.69115394878
41021,CHINASAT 2C (ZX 2C),2019,4,30,3,37,43.740512,40606.1015992,11315.6445637,14.2442517568
43920,CHINASAT 2D (ZX 2D),2019,4,30,3,37,43.740512,31200.6997315,28351.1323834,-19.3221563426
37150,CHINASAT 6A (ZX 6A),2019,4,30,3,37,43.740512,33534.3029578,25556.9487688,-37.1274246785
42763,CHINASAT 9A (ZX 9A),2019,4,30,3,37,43.740512,40961.2048549,9966.80393626,-14.3703071433
33051,CHINASAT 9 (ZX 9),2019,4,30,3,37,43.740512,42030.9543239,3212.75210169,17.1376247233
33453,CIEL-2,2019,4,30,3,37,43.740512,-33858.9268975,25128.5147557,-13.847886702
36744,COMS 1,2019,4,30,3,37,43.740512,32111.8995462,27321.130427,10.0799584525
35943,COMSATBW-1,2019,4,30,3,37,43.740512,38275.1638718,-17684.0524132,-17.3402937013
36582,COMSATBW-2,2019,4,30,3,37,43.740512,11168.4486375,-40668.0623165,12.2546862939
37806,COSMOS 2473,2019,4,30,3,37,43.740512,-8252.41755099,-41367.5396029,26.4688287895
41121,COSMOS 2513,2019,4,30,3,37,43.740512,41789.4108414,-5543.32298258,-34.1870281535
42907,COSMOS 2520,2019,4,30,3,37,43.740512,31005.0990792,-28577.3483076,16.6787062908
43432,COSMOS 2526,2019,4,30,3,37,43.740512,32216.5055906,27196.3529067,-27.1166118881
43867,COSMOS 2533,2019,4,30,3,37,43.740512,40143.0775023,-12899.1138645,-5.2741954892
31862,DIRECTV 10,2019,4,30,3,37,43.740512,-41443.6376475,7757.19396415,-3.03019094792
32729,DIRECTV 11,2019,4,30,3,37,43.740512,-41855.6055186,5094.03084608,5.36720728737
36131,DIRECTV 12,2019,4,30,3,37,43.740512,-41451.7763804,7722.79921992,-15.7092450484
40333,DIRECTV 14,2019,4,30,3,37,43.740512,-41845.1914705,5158.71849624,-19.3938169593
40663,DIRECTV 15,2019,4,30,3,37,43.740512,-41689.8863131,6303.86597734,-5.01523116885
26985,DIRECTV 4S,2019,4,30,3,37,43.740512,-41662.1044223,6548.17782915,-21.9827245306
27426,DIRECTV 5 (TEMPO 1),2019,4,30,3,37,43.740512,-40143.1175074,12922.1848476,-23.030513175
28238,DIRECTV 7S,2019,4,30,3,37,43.740512,-37638.4100281,19013.1201722,-17.608875039
28659,DIRECTV 8,2019,4,30,3,37,43.740512,-41710.5976331,6227.77966107,-21.4648281448
29494,DIRECTV 9S,2019,4,30,3,37,43.740512,-41673.6954109,6468.37944669,-13.4919816348
28935,ECHOSTAR 10,2019,4,30,3,37,43.740512,-40111.4492049,13001.7666112,-18.8745355884
33207,ECHOSTAR 11,2019,4,30,3,37,43.740512,-40168.218063,12848.7321541,5.6446184949
27852,ECHOSTAR 12 (RAINBOW 1),2019,4,30,3,37,43.740512,-41949.7081099,-4306.89609766,22.1314107995
36499,ECHOSTAR 14,2019,4,30,3,37,43.740512,-37693.8967151,18903.6842834,-19.3207847311
36792,ECHOSTAR 15,2019,4,30,3,37,43.740512,-36314.8912574,-21442.8340219,16.6805857053
39008,ECHOSTAR 16,2019,4,30,3,37,43.740512,-36247.9610527,-21552.7634127,-7.44073687198
38551,ECHOSTAR 17,2019,4,30,3,37,43.740512,-40759.9455859,10812.9915512,-20.9196888862
41592,ECHOSTAR 18,2019,4,30,3,37,43.740512,-36209.4455216,-21618.4458076,-8.90331306788
41893,ECHOSTAR 19,2019,4,30,3,37,43.740512,-42014.2214675,3582.83003777,-20.9115320051
42749,ECHOSTAR 21,2019,4,30,3,37,43.740512,9223.45123185,-41073.2834019,-2485.00524199
42070,ECHOSTAR 23,2019,4,30,3,37,43.740512,-28588.7509443,-31002.557439,-3.21861086573
27378,ECHOSTAR 7,2019,4,30,3,37,43.740512,-37718.8979185,18847.6534936,-6.67107260973
41105,ELEKTRO-L 2,2019,4,30,3,37,43.740512,41266.6729815,-8630.61571207,-127.977043736
43700,ES'HAIL 2,2019,4,30,3,37,43.740512,19799.0663802,-37230.6362829,17.0975662796
34710,EUTELSAT 10A,2019,4,30,3,37,43.740512,8900.99368086,-41221.2913755,-40.4890771753
29162,EUTELSAT 113 WEST A,2019,4,30,3,37,43.740512,-39442.2727454,14921.9237791,-9.83566122991
40425,EUTELSAT 115 WEST B,2019,4,30,3,37,43.740512,-38917.6114013,16226.5910139,-2.98848309951
39122,EUTELSAT 117 WEST A,2019,4,30,3,37,43.740512,-38357.7534414,17525.6346285,-4.62356574801
41589,EUTELSAT 117 WEST B,2019,4,30,3,37,43.740512,-38297.545192,17637.1596111,-2.99033315804
26927,EUTELSAT 12 WEST B,2019,4,30,3,37,43.740512,-7558.59315307,-41505.7923182,14.7093540972
37836,EUTELSAT 16A,2019,4,30,3,37,43.740512,13158.9206845,-40066.1184123,-36.6774345919
42741,EUTELSAT 172B,2019,4,30,3,37,43.740512,4236.1665085,41949.2311378,-15.0427402106
28924,EUTELSAT 174A,2019,4,30,3,37,43.740512,2729.32455172,42055.7172109,42.7110816738
38992,EUTELSAT 21B,2019,4,30,3,37,43.740512,17007.2170761,-38584.3843526,-34.8190689943
39233,EUTELSAT 25B,2019,4,30,3,37,43.740512,19617.848444,-37324.2821447,-29.9252461258
26719,EUTELSAT 33C,2019,4,30,3,37,43.740512,-32041.5815427,27404.1411502,550.683440289
33750,EUTELSAT 33E,2019,4,30,3,37,43.740512,24373.0587483,-34404.3260945,-28.6767595333
36101,EUTELSAT 36B,2019,4,30,3,37,43.740512,26008.406735,-33190.0513279,-31.519122086
39773,EUTELSAT 3B,2019,4,30,3,37,43.740512,3931.67551558,-41987.9541584,-37.2268730354
33460,EUTELSAT 48D,2019,4,30,3,37,43.740512,32433.7415259,-26942.4358326,-41.1026624223
27460,EUTELSAT 5 WEST A,2019,4,30,3,37,43.740512,-2056.84874116,-42133.0780555,-14.7632257136
41382,EUTELSAT 65 WEST A,2019,4,30,3,37,43.740512,-37562.5523472,-19171.6545361,-10.7485499795
39020,EUTELSAT 70B,2019,4,30,3,37,43.740512,40256.4009429,-12536.2509665,6.68891424294
28187,EUTELSAT 7A,2019,4,30,3,37,43.740512,6745.4185917,-41631.8659809,-45.6267635385
39163,EUTELSAT 7B,2019,4,30,3,37,43.740512,6712.33869131,-41631.6324524,-26.846121665
37816,EUTELSAT 7 WEST A,2019,4,30,3,37,43.740512,-3718.98784248,-42008.5044093,-33.0320800818
26369,EUTELSAT 80A,2019,4,30,3,37,43.740512,32160.7531211,-27334.6481879,-1497.56584948
40875,EUTELSAT 8 WEST B,2019,4,30,3,37,43.740512,-4252.02253249,-41961.5616838,-41.8342015885
41310,EUTELSAT 9B,2019,4,30,3,37,43.740512,8184.81920355,-41351.290818,-14.2177328878
29270,EUTELSAT HOT BIRD 13B,2019,4,30,3,37,43.740512,11028.5544547,-40700.2911493,-34.4564371738
33459,EUTELSAT HOT BIRD 13C,2019,4,30,3,37,43.740512,11035.476077,-40708.7653291,-16.0632233131
28946,EUTELSAT HOT BIRD 13E,2019,4,30,3,37,43.740512,11069.7471125,-40699.0016038,31.282936596
37258,EUTELSAT KA-SAT 9A,2019,4,30,3,37,43.740512,8173.65563427,-41378.6489449,1.1223987423
27441,EXPRESS-A4,2019,4,30,3,37,43.740512,22540.505231,35599.7117494,487.085293399
28707,EXPRESS-AM3,2019,4,30,3,37,43.740512,40685.6758578,11047.8366579,-625.607149302
32478,EXPRESS-AM33,2019,4,30,3,37,43.740512,41682.4210879,6368.12582905,10.9028779201
33595,EXPRESS-AM44,2019,4,30,3,37,43.740512,-6430.02068346,-41672.671014,0.361697678908
39487,EXPRESS-AM5,2019,4,30,3,37,43.740512,25812.568641,33335.7517321,2.33449398626
40277,EXPRESS-AM6,2019,4,30,3,37,43.740512,34640.2928965,-24047.3186527,11.3554069064
40505,EXPRESS-AM7,2019,4,30,3,37,43.740512,28381.0683385,-31174.9969052,19.2745690928
40895,EXPRESS-AM8,2019,4,30,3,37,43.740512,-8611.10106041,-41279.9944297,-0.902186741977
41191,EXPRESS-AMU1,2019,4,30,3,37,43.740512,26133.6414248,-33084.5383983,18.6362301667
39612,EXPRESS-AT1,2019,4,30,3,37,43.740512,35847.3070872,-22198.6475532,6.20640057276
39613,EXPRESS-AT2,2019,4,30,3,37,43.740512,25916.0961006,33255.91433,6.21583207747
33463,FENGYUN 2E,2019,4,30,3,37,43.740512,42068.9492057,-943.188236931,-2412.59198053
38049,FENGYUN 2F,2019,4,30,3,37,43.740512,38406.4565133,17399.9032766,-688.540174952
40367,FENGYUN 2G,2019,4,30,3,37,43.740512,41290.7238514,8476.51723734,-814.052643286
43491,FENGYUN 2H,2019,4,30,3,37,43.740512,41657.4691162,-6473.02927928,1125.05584262
41882,FENGYUN 4A,2019,4,30,3,37,43.740512,40360.9757872,12243.7697013,131.222377576
20253,FLTSATCOM 8 (USA 46),2019,4,30,3,37,43.740512,-9886.52945573,-40032.8867252,-8823.47308116
26038,GALAXY 11 (G-11),2019,4,30,3,37,43.740512,-2141.57204915,-42208.6704942,68.047932649
27715,GALAXY 12 (G-12),2019,4,30,3,37,43.740512,-33786.518212,25221.4739822,275.485907288
27954,GALAXY 13 (HORIZONS 1),2019,4,30,3,37,43.740512,-34644.2643698,24036.6993318,-0.658968546353
28790,GALAXY 14 (G-14),2019,4,30,3,37,43.740512,-35467.791357,22805.8816582,-16.4713940334
28884,GALAXY 15 (G-15),2019,4,30,3,37,43.740512,-31940.7492106,27528.992334,-9.14626002861
29236,GALAXY 16 (G-16),2019,4,30,3,37,43.740512,-41881.2560344,4932.930298,-22.1763052371
31307,GALAXY 17 (G-17),2019,4,30,3,37,43.740512,-42164.6521633,-931.736739742,31.3635125395
32951,GALAXY 18 (G-18),2019,4,30,3,37,43.740512,-36242.4031085,21552.4633838,-13.467752742
33376,GALAXY 19 (G-19),2019,4,30,3,37,43.740512,-42029.0681982,3489.51736611,-20.6879977907
27854,GALAXY 23 (G-23),2019,4,30,3,37,43.740512,-36986.7052061,20253.2261221,-24.8713208727
24812,GALAXY 25 (G-25),2019,4,30,3,37,43.740512,-42166.5904013,629.441749792,696.28355189
28702,GALAXY 28 (G-28),2019,4,30,3,37,43.740512,-42096.6120644,-2387.87518467,-3.90862032554
27445,GALAXY 3C (G-3C),2019,4,30,3,37,43.740512,-42120.2517213,2081.94000641,-18.2375726348
41194,GAOFEN 4,2019,4,30,3,37,43.740512,40126.3177814,12979.6273839,-49.4677959603
43823,GEO-KOMPSAT-2A,2019,4,30,3,37,43.740512,32076.6875129,27354.3167761,-10.3178496721
29155,GOES 13,2019,4,30,3,37,43.740512,-35741.1867435,-22448.4317805,-226.850962359
35491,GOES 14,2019,4,30,3,37,43.740512,-41196.1896294,8922.75929317,101.572843525
36411,GOES 15,2019,4,30,3,37,43.740512,-34198.4300645,24663.7965292,40.4632922019
41866,GOES 16,2019,4,30,3,37,43.740512,-40315.6047934,-12355.0174035,-7.22350668728
43226,GOES 17,2019,4,30,3,37,43.740512,-29850.6157818,29777.6358476,7.53532655918
38779,GSAT-10,2019,4,30,3,37,43.740512,42013.4150459,-3519.2642465,-65.628666234
43824,GSAT-11,2019,4,30,3,37,43.740512,40934.9539904,-10096.6837701,55.2882742786
37746,GSAT-12,2019,4,30,3,37,43.740512,41986.0739581,-3764.76670094,25.409351894
39498,GSAT-14,2019,4,30,3,37,43.740512,40940.1801725,-10038.9970747,-31.751479866
41028,GSAT-15,2019,4,30,3,37,43.740512,41945.4080915,4219.26784829,-45.4624029027
40332,GSAT-16,2019,4,30,3,37,43.740512,35467.866366,-22816.4736865,-45.0756670031
42815,GSAT-17,2019,4,30,3,37,43.740512,41940.1624448,4255.07740275,-61.519882324
41793,GSAT-18,2019,4,30,3,37,43.740512,40949.4442312,-10049.0309574,-74.194599817
42747,GSAT-19,2019,4,30,3,37,43.740512,32315.14297,-27087.7769029,-38.8454611144
43698,GSAT-29,2019,4,30,3,37,43.740512,35446.9560086,-22824.8291463,-10.8122487082
44035,GSAT-31,2019,4,30,3,37,43.740512,32342.1469897,-27039.2226587,8.50440501297
40880,GSAT-6,2019,4,30,3,37,43.740512,42015.3232539,-3434.87463441,-47.9354503717
39234,GSAT-7,2019,4,30,3,37,43.740512,40948.0760605,-9983.68742327,-53.6923020599
43864,GSAT-7A,2019,4,30,3,37,43.740512,38212.3964515,-17811.6961744,-60.3291528002
37605,GSAT-8,2019,4,30,3,37,43.740512,35461.9498783,-22779.3180357,15.3202682516
42695,GSAT-9,2019,4,30,3,37,43.740512,41571.8988622,6996.09055606,-33.2525822249
27811,HELLAS-SAT 2,2019,4,30,3,37,43.740512,-42108.2951303,2167.74807854,676.754302498
42814,HELLAS-SAT 3,2019,4,30,3,37,43.740512,27747.0896637,-31740.3838928,-52.4350264004
28937,HIMAWARI-7 (MTSAT-2),2019,4,30,3,37,43.740512,22810.6859812,35445.9274615,8.8276756521
40267,HIMAWARI-8,2019,4,30,3,37,43.740512,25437.3756143,33621.1068326,-11.6005985954
41836,HIMAWARI-9,2019,4,30,3,37,43.740512,25381.7259971,33666.3587807,-7.44314857139
27528,HISPASAT 30W-4,2019,4,30,3,37,43.740512,-19799.2676207,-37253.8957057,36.032419662
43228,HISPASAT 30W-6,2019,4,30,3,37,43.740512,-19684.83518,-37317.5436127,-5.74986723489
41942,HISPASAT 36W-1,2019,4,30,3,37,43.740512,-23463.1157294,-35038.2712164,2.75051362586
32388,HORIZONS 2,2019,4,30,3,37,43.740512,42098.7521853,-2180.85956209,17.4698155693
43633,HORIZONS 3E,2019,4,30,3,37,43.740512,6427.92992021,41671.1308977,3.15812281894
37237,HYLAS 1,2019,4,30,3,37,43.740512,11620.6833735,-40533.9261042,0.344487729651
38741,HYLAS 2,2019,4,30,3,37,43.740512,23108.2053342,-35270.2808142,-4.21233682063
43272,HYLAS 4,2019,4,30,3,37,43.740512,-21865.8426281,-36054.4656815,44.3988132233
32763,ICO G1,2019,4,30,3,37,43.740512,-42166.9226814,428.816649797,261.330276599
23839,INMARSAT 3-F1,2019,4,30,3,37,43.740512,38539.7177216,-16630.185583,-3859.27632438
24307,INMARSAT 3-F2,2019,4,30,3,37,43.740512,-41829.4450705,5343.0805441,2921.93149713
24674,INMARSAT 3-F3,2019,4,30,3,37,43.740512,-230.179757236,42129.2244611,1308.81830912
25153,INMARSAT 3-F5,2019,4,30,3,37,43.740512,-33100.3465565,-26107.2692517,1612.22185199
28628,INMARSAT 4-F1,2019,4,30,3,37,43.740512,23751.3811271,34797.9673081,1227.87589253
28899,INMARSAT 4-F2,2019,4,30,3,37,43.740512,38530.1818615,-17052.6581276,-1546.53812562
33278,INMARSAT 4-F3,2019,4,30,3,37,43.740512,-41960.4459294,4177.9764713,542.409900829
39476,INMARSAT 5-F1,2019,4,30,3,37,43.740512,38159.6521881,-17937.1387938,18.6398822771
40384,INMARSAT 5-F2,2019,4,30,3,37,43.740512,-33591.381021,-25486.4078412,-6.77885941042
40882,INMARSAT 5-F3,2019,4,30,3,37,43.740512,-1336.09351737,42140.2043098,-11.2117600376
42698,INMARSAT 5-F4,2019,4,30,3,37,43.740512,36028.937321,-21906.3614356,20.7056736242
39216,INSAT-3D,2019,4,30,3,37,43.740512,41951.1863872,-4208.00475441,-32.9915564017
41752,INSAT-3DR,2019,4,30,3,37,43.740512,40950.1252441,-9964.3598746,-102.790703687
28911,INSAT-4A,2019,4,30,3,37,43.740512,42006.5362098,-3500.98975788,48.0744537085
30793,INSAT-4B,2019,4,30,3,37,43.740512,38653.7061028,16804.2539133,-47.0648591436
32050,INSAT-4CR,2019,4,30,3,37,43.740512,32332.9141158,-27032.3110351,-176.672858442
28358,INTELSAT 10-02,2019,4,30,3,37,43.740512,892.77335967,-42165.5413613,9.26075912222
26766,INTELSAT 10 (IS-10),2019,4,30,3,37,43.740512,32120.3995813,-27259.8418334,-1844.56061414
32253,INTELSAT 11 (IS-11),2019,4,30,3,37,43.740512,-27542.2629188,-31935.7201913,22.6312857948
26590,INTELSAT 12 (IS-12),2019,4,30,3,37,43.740512,38626.2937479,-16843.6952949,-1330.25849609
36097,INTELSAT 14 (IS-14),2019,4,30,3,37,43.740512,-28628.1933685,-30971.2778962,-1.21173364489
36106,INTELSAT 15 (IS-15),2019,4,30,3,37,43.740512,42113.3042184,-1948.40448412,18.4810551826
36397,INTELSAT 16 (IS-16),2019,4,30,3,37,43.740512,-40527.5993471,-11658.7905238,-17.9488827353
37238,INTELSAT 17 (IS-17),2019,4,30,3,37,43.740512,39144.307196,-15655.236647,6.56523448409
37834,INTELSAT 18 (IS-18),2019,4,30,3,37,43.740512,-1687.0964486,42118.4120588,-14.2281075719
38356,INTELSAT 19 (IS-19),2019,4,30,3,37,43.740512,8576.65286543,41270.9078427,0.941450735542
26608,INTELSAT 1R (IS-1R),2019,4,30,3,37,43.740512,14874.2571736,39451.1942957,-441.882851965
38740,INTELSAT 20 (IS-20),2019,4,30,3,37,43.740512,39806.5052063,-13920.5963417,9.87135246203
38749,INTELSAT 21 (IS-21),2019,4,30,3,37,43.740512,-34860.8565895,-23734.4399189,-3.51429080906
38098,INTELSAT 22 (IS-22),2019,4,30,3,37,43.740512,40588.3050169,-11391.9186562,17.2124281083
38867,INTELSAT 23 (IS-23),2019,4,30,3,37,43.740512,-32674.0461019,-26663.5476635,20.2395121223
33153,INTELSAT 25 (IS-25),2019,4,30,3,37,43.740512,-20634.4015314,-36773.5996979,5.77823514639
24732,INTELSAT 26 (IS-26),2019,4,30,3,37,43.740512,37696.9503792,-17945.6358798,-5858.46499482
40271,INTELSAT 30 (IS-30),2019,4,30,3,37,43.740512,-42113.059481,2058.37243018,-20.6354089631
41581,INTELSAT 31 (IS-31),2019,4,30,3,37,43.740512,-42102.7098652,2102.69618086,-18.5081092808
41945,INTELSAT 32E (IS-32E),2019,4,30,3,37,43.740512,-27627.2965511,-31852.984919,-1.73824969256
41748,INTELSAT 33E (IS-33E),2019,4,30,3,37,43.740512,37301.3470321,-19655.2362594,7.28697992178
40874,INTELSAT 34 (IS-34),2019,4,30,3,37,43.740512,-33814.8734076,-25187.1404846,-8.01695607423
42818,INTELSAT 35E (IS-35E),2019,4,30,3,37,43.740512,-22517.9747634,-35659.0283586,17.0901941294
41747,INTELSAT 36 (IS-36),2019,4,30,3,37,43.740512,39796.4710338,-13924.0756051,6.89895674409
42950,INTELSAT 37E (IS-37E),2019,4,30,3,37,43.740512,-11473.6793731,-40582.9009376,5.84038896884
24916,INTELSAT 5 (IS-5),2019,4,30,3,37,43.740512,-29837.3277047,29609.4535256,3304.55356534
25371,INTELSAT 805 (IS-805),2019,4,30,3,37,43.740512,6319.07470476,41676.7877769,-184.501331592
26824,INTELSAT 901 (IS-901),2019,4,30,3,37,43.740512,-19343.9199185,-37477.9268084,354.576760798
26900,INTELSAT 902 (IS-902),2019,4,30,3,37,43.740512,37956.2009786,-18347.7024922,9.73369394275
27403,INTELSAT 903 (IS-903),2019,4,30,3,37,43.740512,-20607.6624654,-36795.0266574,505.310876885
27380,INTELSAT 904 (IS-904),2019,4,30,3,37,43.740512,17599.8248683,-38348.8632667,-95.9324526023
27438,INTELSAT 905 (IS-905),2019,4,30,3,37,43.740512,-15988.1984852,-39024.9765989,123.155765082
27513,INTELSAT 906 (IS-906),2019,4,30,3,37,43.740512,38625.4986115,-16898.6318886,23.6597900484
27683,INTELSAT 907 (IS-907),2019,4,30,3,37,43.740512,-18035.8774895,-38125.139945,4.51822073651
26451,INTELSAT 9 (IS-9),2019,4,30,3,37,43.740512,39038.5299251,-15511.5112711,-3564.51327589
37392,INTELSAT NEW DAWN,2019,4,30,3,37,43.740512,24221.4137889,-34509.3942101,20.1595929391
39199,IRNSS-1A,2019,4,30,3,37,43.740512,31671.0674808,-23576.5454369,-14611.5569575
39635,IRNSS-1B,2019,4,30,3,37,43.740512,32041.1944065,-23759.6849355,13833.6308064
40269,IRNSS-1C,2019,4,30,3,37,43.740512,42074.8511993,-3336.29735987,893.355063511
40547,IRNSS-1D,2019,4,30,3,37,43.740512,33243.9101428,16096.9849328,20303.0429528
41241,IRNSS-1E,2019,4,30,3,37,43.740512,33416.4292396,15980.9733972,-20169.5172925
41384,IRNSS-1F,2019,4,30,3,37,43.740512,23818.5158692,-34794.7534822,1836.83591007
41469,IRNSS-1G,2019,4,30,3,37,43.740512,31434.9650598,28060.7290697,826.339772447
43286,IRNSS-1I,2019,4,30,3,37,43.740512,33039.9368705,-23824.7077672,-10570.634461
38331,JCSAT-13,2019,4,30,3,37,43.740512,34006.5271761,24912.7287407,9.55691015154
41903,JCSAT-15,2019,4,30,3,37,43.740512,39014.802616,15976.0189248,12.674037085
41729,JCSAT-16,2019,4,30,3,37,43.740512,28061.1560297,31460.5914254,-2.10484013619
27399,JCSAT 2A,2019,4,30,3,37,43.740512,28027.9432898,31498.9710276,-921.492867392
41471,JCSAT 2B,2019,4,30,3,37,43.740512,16977.109173,38586.921612,-2.48790010992
29272,JCSAT-3A,2019,4,30,3,37,43.740512,32180.4768585,27231.6314541,8.36243741903
25630,JCSAT-4A,2019,4,30,3,37,43.740512,19590.6972058,37305.1047605,-665.543311107
29045,JCSAT-5A,2019,4,30,3,37,43.740512,30182.8981892,29429.9434234,-27.7674898386
35755,JCSAT-RA (JCSAT-12),2019,4,30,3,37,43.740512,6487.16496044,41654.5789495,-3.80478429456
37749,KAZSAT-2,2019,4,30,3,37,43.740512,42155.4904954,-973.03622506,19.8131324077
39728,KAZSAT-3,2019,4,30,3,37,43.740512,36791.768986,-20593.7933708,23.1108854248
32500,KIZUNA (WINDS),2019,4,30,3,37,43.740512,26219.5062297,33004.7313787,-958.672130481
42984,KOREASAT 5A,2019,4,30,3,37,43.740512,38088.5884619,18069.5398849,-1.2256458291
29349,KOREASAT 5 (MUGUNGWHA 5),2019,4,30,3,37,43.740512,38136.8558471,17978.8883785,5.10995142345
37265,KOREASAT 6,2019,4,30,3,37,43.740512,37172.4077491,19887.7107659,11.4970424338
42691,KOREASAT 7,2019,4,30,3,37,43.740512,37174.91347,19881.5099524,10.2064238577
41034,LAOSAT 1,2019,4,30,3,37,43.740512,31928.3964689,27524.23797,-12.2494559682
37951,LUCH 5A,2019,4,30,3,37,43.740512,8703.3943106,41219.0823309,-1399.60105914
38977,LUCH 5B,2019,4,30,3,37,43.740512,-10316.7620165,-40899.7288602,-358.238525608
39727,LUCH 5V,2019,4,30,3,37,43.740512,41840.6265204,5049.9944761,882.766376166
40258,LUCH (OLYMP),2019,4,30,3,37,43.740512,37268.6929441,-19724.900215,16.1862389311
29648,MEASAT-3,2019,4,30,3,37,43.740512,42073.431985,2722.53458041,-34.1926751591
35362,MEASAT-3A,2019,4,30,3,37,43.740512,42073.2962433,2748.13795059,18.1779989113
40147,MEASAT-3B,2019,4,30,3,37,43.740512,42065.9838013,2731.99213165,5.36095632363
38552,METEOSAT-10 (MSG-3),2019,4,30,3,37,43.740512,8336.46179634,-41328.3122838,-728.551195862
40732,METEOSAT-11 (MSG-4),2019,4,30,3,37,43.740512,1533.00706735,-42132.2391516,524.771910249
27509,METEOSAT-8 (MSG-1),2019,4,30,3,37,43.740512,29161.205358,-30150.6733283,-4312.96978663
28912,METEOSAT-9 (MSG-2),2019,4,30,3,37,43.740512,4278.85150767,-41939.9376155,-1084.91520893
39035,MEXSAT 3,2019,4,30,3,37,43.740512,-38939.1111449,16181.6483578,-19.4491287471
40946,MORELOS 3,2019,4,30,3,37,43.740512,-39378.842698,15057.8274934,-776.947069096
23846,MSAT M1,2019,4,30,3,37,43.740512,-40415.6142144,10757.4458228,5490.38557335
38093,MUOS-1,2019,4,30,3,37,43.740512,-3412.35955605,41927.2269905,1923.84594344
39206,MUOS-2,2019,4,30,3,37,43.740512,-42006.4936306,5779.96949026,-276.059834581
40374,MUOS-3,2019,4,30,3,37,43.740512,-9221.01304227,-41124.2311181,-2370.26142256
40887,MUOS-4,2019,4,30,3,37,43.740512,40893.9871229,-9230.29871243,500.314926863
41622,MUOS-5,2019,4,30,3,37,43.740512,-40174.0735661,9056.91414203,-3435.88579153
38014,NIGCOMSAT 1R,2019,4,30,3,37,43.740512,29653.2870966,-29977.2869659,-1.65124941632
36830,NILESAT 201,2019,4,30,3,37,43.740512,-3530.38679903,-42034.1569663,42.3372162433
25740,NIMIQ 1,2019,4,30,3,37,43.740512,-41966.9861648,-4208.25093575,86.4445997203
27632,NIMIQ 2,2019,4,30,3,37,43.740512,-34028.6838118,24848.6130605,2286.56203908
33373,NIMIQ 4,2019,4,30,3,37,43.740512,-41503.1809905,-7489.25974982,-21.4659363015
35873,NIMIQ 5,2019,4,30,3,37,43.740512,-39739.770747,-14125.6017002,17.0595182395
38342,NIMIQ 6,2019,4,30,3,37,43.740512,-42166.1345823,-846.705952841,-7.93967427581
28526,NSS-10 (AMC-12),2019,4,30,3,37,43.740512,-24338.6666958,-34447.0051074,26.8920467597
26554,NSS-11 (AAP-1),2019,4,30,3,37,43.740512,1287.75247038,42137.0995479,-0.71403854176
36032,NSS-12,2019,4,30,3,37,43.740512,36204.5205304,-21609.5181446,-7.23815153331
24957,NSS-5,2019,4,30,3,37,43.740512,33372.8165742,-25505.4400629,-3674.76298347
27603,NSS-6,2019,4,30,3,37,43.740512,41822.0060043,5318.20574932,-32.4843979922
27414,NSS-7,2019,4,30,3,37,43.740512,-12871.2969967,-40158.6506249,300.575258147
33749,NSS-9,2019,4,30,3,37,43.740512,-3903.20191696,41976.6331519,12.1889736652
27461,N-STAR C,2019,4,30,3,37,43.740512,28014.7978168,31467.8526091,-955.042626978
44048,NUSANTARA SATU,2019,4,30,3,37,43.740512,22246.3568654,35803.1401412,-9.85269348666
40146,OPTUS 10,2019,4,30,3,37,43.740512,15630.5210315,39150.5809101,10.4212572746
27831,OPTUS C1,2019,4,30,3,37,43.740512,15823.452868,39056.403125,-182.544317499
29495,OPTUS D1,2019,4,30,3,37,43.740512,12844.1857682,40146.0016373,-0.192083009375
32252,OPTUS D2,2019,4,30,3,37,43.740512,18319.0242218,37961.3465107,-4.45725598232
35756,OPTUS D3,2019,4,30,3,37,43.740512,15601.2877069,39156.0698655,20.4181207927
37779,PAKSAT-1R,2019,4,30,3,37,43.740512,27197.3084412,-32221.0164317,-20.4756316409
35812,PALAPA D,2019,4,30,3,37,43.740512,38165.6738991,17905.4253544,10.3724781742
37826,QUETZSAT 1,2019,4,30,3,37,43.740512,-40676.6207841,-11132.0462655,12.7188428228
37158,QZS-1 (MICHIBIKI-1),2019,4,30,3,37,43.740512,21425.7405535,20721.4807634,-25205.6020813
42738,QZS-2  (MICHIBIKI-2),2019,4,30,3,37,43.740512,21751.0627169,29641.1199083,25422.7164125
42917,QZS-3 (MICHIBIKI-3),2019,4,30,3,37,43.740512,32634.1227891,26686.144446,-4.46284971788
42965,QZS-4 (MICHIBIKI-4),2019,4,30,3,37,43.740512,25516.5989264,30612.5592239,18751.3840742
36358,RADUGA-1M 2,2019,4,30,3,37,43.740512,42106.9210785,-2072.39577522,28.2381435682
39375,RADUGA-1M 3,2019,4,30,3,37,43.740512,40156.6666743,-12850.0424629,16.8472318511
36831,RASCOM-QAF 1R,2019,4,30,3,37,43.740512,3728.01693542,-42008.6000643,1.84900614684
37481,SBIRS GEO-1 (USA 230),2019,4,30,3,37,43.740512,39199.8332602,-15509.8301835,273.008478174
39120,SBIRS GEO-2 (USA 241),2019,4,30,3,37,43.740512,16375.7831695,-38837.8063574,-1192.15998934
41937,SBIRS GEO-3 (USA 273),2019,4,30,3,37,43.740512,-16428.080266,38810.457814,1124.01898986
43162,SBIRS GEO-4 (USA 282),2019,4,30,3,37,43.740512,26262.9854525,32704.1188799,4203.20088665
36395,SDO,2019,4,30,3,37,43.740512,-38675.5524575,9349.4214067,13931.1442515
42432,SES-10,2019,4,30,3,37,43.740512,-38115.5953543,-18053.0183823,-9.90500211317
42967,SES-11 (ECHOSTAR 105),2019,4,30,3,37,43.740512,-41138.4918532,9270.58944247,-17.6585060672
36516,SES-1,2019,4,30,3,37,43.740512,-41678.851671,6428.0452969,-7.44952740657
43488,SES-12,2019,4,30,3,37,43.740512,41837.4660559,5298.69480529,9.98390991738
43175,SES-14,2019,4,30,3,37,43.740512,-29963.3118677,-29671.1864729,-11.3797015732
42709,SES-15,2019,4,30,3,37,43.740512,-33707.6051564,25328.5416673,-16.7360845102
37809,SES-2,2019,4,30,3,37,43.740512,-41996.8138403,-3863.60865719,-13.1259091193
37748,SES-3,2019,4,30,3,37,43.740512,-41427.4970294,7895.90673935,14.1586280043
38087,SES-4,2019,4,30,3,37,43.740512,-14270.6656136,-39685.458468,-8.73777207073
38652,SES-5,2019,4,30,3,37,43.740512,5294.91278981,-41835.698339,13.5917977364
39172,SES-6,2019,4,30,3,37,43.740512,-26121.0868936,-33109.7726658,-22.5142116727
34941,SES-7 (PROTOSTAR 2),2019,4,30,3,37,43.740512,39492.8719466,14757.9169115,-51.4205149979
39460,SES-8,2019,4,30,3,37,43.740512,41823.1461353,5295.22738999,12.545938506
41380,SES-9,2019,4,30,3,37,43.740512,39488.8582473,14763.1167649,15.6391100036
42692,SGDC,2019,4,30,3,37,43.740512,-40247.458265,-12599.8303057,24.0529322352
41838,SHIJIAN-17 (SJ-17),2019,4,30,3,37,43.740512,41937.8764727,4266.62021817,-467.932312748
35493,SIRIUS FM-5,2019,4,30,3,37,43.740512,-41930.9686808,-4467.41693982,-17.9465289136
39360,SIRIUS FM-6,2019,4,30,3,37,43.740512,-38544.9782793,17087.9986526,-14.5262004915
40664,SKY MEXICO-1,2019,4,30,3,37,43.740512,-41009.8483428,-9831.99016821,-23.0754027581
41794,SKY MUSTER 2,2019,4,30,3,37,43.740512,22941.5638645,35368.9101658,4.49325879797
40940,SKY MUSTER (NBN1A),2019,4,30,3,37,43.740512,25686.7893147,33428.0059074,5.69742475541
20776,SKYNET 4C,2019,4,30,3,37,43.740512,24469.5577072,-33101.8254442,-9136.45234788
25639,SKYNET 4E,2019,4,30,3,37,43.740512,441.723207351,-41550.3163766,-7179.4763534
26695,SKYNET 4F,2019,4,30,3,37,43.740512,-22342.5292391,-35636.1709895,-3099.9404604
30794,SKYNET 5A,2019,4,30,3,37,43.740512,41799.5189724,5443.43660206,2.63686279025
32294,SKYNET 5B,2019,4,30,3,37,43.740512,19337.1218583,-37469.4335032,-35.5091379741
33055,SKYNET 5C,2019,4,30,3,37,43.740512,-11341.8863177,-40626.1366321,-38.7800379967
39034,SKYNET 5D,2019,4,30,3,37,43.740512,34547.8244346,-24162.3659207,-9.88313315871
37218,SKYTERRA 1,2019,4,30,3,37,43.740512,-41644.8825053,6650.39244216,-221.970824444
28644,SPACEWAY 1,2019,4,30,3,37,43.740512,-28942.1012163,30661.8410837,63.6491513247
28903,SPACEWAY 2,2019,4,30,3,37,43.740512,-41863.1350437,5024.77610106,7.4242755143
32018,SPACEWAY 3,2019,4,30,3,37,43.740512,-42117.3936871,2002.33744951,5.36043366918
28945,SPAINSAT,2019,4,30,3,37,43.740512,-19659.907024,-37309.7973951,7.76856301547
37606,ST-2,2019,4,30,3,37,43.740512,42161.4544497,166.62394735,20.0277723741
32293,STAR ONE C1,2019,4,30,3,37,43.740512,-37503.9108411,-19297.6956183,27.1345655252
32768,STAR ONE C2,2019,4,30,3,37,43.740512,-39025.5127516,-15973.741268,18.9969354035
38991,STAR ONE C3,2019,4,30,3,37,43.740512,-40276.5930113,-12509.7004257,19.4089053706
40733,STAR ONE C4,2019,4,30,3,37,43.740512,-39044.4679447,-15949.0876665,13.310252604
41904,STAR ONE D1,2019,4,30,3,37,43.740512,-41736.3769174,-6051.04133239,-1.60436415771
43271,SUPERBIRD 8,2019,4,30,3,37,43.740512,11453.6983778,40573.9411096,-7.9020733679
33274,SUPERBIRD-C2,2019,4,30,3,37,43.740512,23459.9946367,35027.6096929,0.975100366318
28885,SYRACUSE 3A,2019,4,30,3,37,43.740512,31910.3668579,-27557.3865583,9.57081854498
29273,SYRACUSE 3B,2019,4,30,3,37,43.740512,-2217.84205515,-42123.3371816,3.55748321762
27566,TDRS 10,2019,4,30,3,37,43.740512,-8106.72056695,41265.53945,3262.6168035
39070,TDRS 11,2019,4,30,3,37,43.740512,-5813.21814743,41685.2038082,2553.11350741
39504,TDRS 12,2019,4,30,3,37,43.740512,-26294.7313053,-32754.8664551,-3672.5629673
42915,TDRS 13,2019,4,30,3,37,43.740512,-6735.58405617,-41463.6745342,-4274.40612633
19548,TDRS 3,2019,4,30,3,37,43.740512,-30895.7773472,-27881.3996953,-6967.14163807
21639,TDRS 5,2019,4,30,3,37,43.740512,-10838.5473963,39330.9214115,10678.2172818
22314,TDRS 6,2019,4,30,3,37,43.740512,-29274.4312791,-29955.8825983,-5022.00449974
23613,TDRS 7,2019,4,30,3,37,43.740512,41937.0232263,-2278.615152,-2116.41540418
26388,TDRS 8,2019,4,30,3,37,43.740512,41812.8737647,1376.20669488,-4726.70656281
27389,TDRS 9,2019,4,30,3,37,43.740512,-36495.5003126,-20994.1768398,3230.82216121
28902,TELKOM 2,2019,4,30,3,37,43.740512,14961.134331,39414.8467274,-21.9239782687
41944,TELKOM 3S,2019,4,30,3,37,43.740512,36443.3950014,21187.7837842,7.49663799753
43587,TELKOM 4 (MERAH PUTIH),2019,4,30,3,37,43.740512,39570.3962552,14549.1776316,15.0030775388
34111,TELSTAR 11N,2019,4,30,3,37,43.740512,-24430.7669551,-34380.7704445,-1.99029592646
25949,TELSTAR 12 (ORION 2),2019,4,30,3,37,43.740512,-40308.4969079,12281.6479357,1680.20978801
41036,TELSTAR 12V,2019,4,30,3,37,43.740512,-9331.27186907,-41123.5581453,12.4987164656
37602,TELSTAR 14R,2019,4,30,3,37,43.740512,-36810.4399716,-20593.7477612,-13.510210805
43611,TELSTAR 18V (APSTAR 5C),2019,4,30,3,37,43.740512,26960.9896533,32407.932131,8.36279112383
43562,TELSTAR 19V,2019,4,30,3,37,43.740512,-36793.6504593,-20595.4441629,-0.687526149606
35496,TERRESTAR-1,2019,4,30,3,37,43.740512,-39933.7401816,13534.0991139,666.51909654
28786,THAICOM 4,2019,4,30,3,37,43.740512,35839.3209931,22192.8411999,3.73433246726
29163,THAICOM 5,2019,4,30,3,37,43.740512,41597.5077302,-6806.54811186,21.2900426542
39500,THAICOM 6,2019,4,30,3,37,43.740512,41611.4804496,-6809.88394055,-31.1088972295
41552,THAICOM 8,2019,4,30,3,37,43.740512,41601.3211062,-6780.91471219,-31.5686778789
32487,THOR 5,2019,4,30,3,37,43.740512,1072.61667628,-42156.4751209,19.8244254173
36033,THOR 6,2019,4,30,3,37,43.740512,1010.60457671,-42156.2091145,19.1151246481
40613,THOR 7,2019,4,30,3,37,43.740512,1148.32440836,-42155.2162484,18.916769022
25358,THOR III,2019,4,30,3,37,43.740512,-1623.32073758,-42060.7350694,-2597.78916529
27825,THURAYA-2,2019,4,30,3,37,43.740512,30320.504703,-29027.4295657,-3915.52796722
32404,THURAYA-3,2019,4,30,3,37,43.740512,41412.1664292,7817.83832091,394.172991323
32779,TIANLIAN 1-01,2019,4,30,3,37,43.740512,41597.7036098,-5580.72778708,-2340.87253641
37737,TIANLIAN 1-02,2019,4,30,3,37,43.740512,7945.58122909,41506.8743752,146.831638455
38730,TIANLIAN 1-03,2019,4,30,3,37,43.740512,13720.2968663,-39891.5265144,29.096077198
41869,TIANLIAN 1-04,2019,4,30,3,37,43.740512,41387.6789057,-8000.0707575,799.880882987
41725,TIANTONG-1 1,2019,4,30,3,37,43.740512,40925.3328882,9864.50566562,1875.72229848
40892,TJS-1,2019,4,30,3,37,43.740512,16340.8031434,38850.4799881,-53.1777836065
41911,TJS-2,2019,4,30,3,37,43.740512,39647.3768945,14281.8848065,27.1520802792
43874,TJS-3,2019,4,30,3,37,43.740512,36953.248258,-20302.2984113,-67.9746428193
43917,TJS-3 AKM,2019,4,30,3,37,43.740512,36974.5941142,-20266.3569938,-73.5479724586
39481,TKSAT-1 (TUPAC KATARI),2019,4,30,3,37,43.740512,-42012.4842446,-3715.57051998,-19.5805507441
40617,TURKMENALEM52E/MONACOSAT,2019,4,30,3,37,43.740512,34202.1960561,-24657.3785994,13.4078063503
33056,TURKSAT 3A,2019,4,30,3,37,43.740512,29371.2571571,-30257.8166509,-27.421792201
39522,TURKSAT 4A,2019,4,30,3,37,43.740512,29402.6788434,-30208.0085039,22.2765984316
40984,TURKSAT 4B,2019,4,30,3,37,43.740512,33318.9971697,-25836.8222941,3.08815250417
25967,UFO 10 (USA 146),2019,4,30,3,37,43.740512,-14584.8265587,-39508.636876,-2975.44706559
28117,UFO 11 (USA 174),2019,4,30,3,37,43.740512,41096.6175497,-8778.01050664,-3109.98992908
22787,UFO 2 (USA 95),2019,4,30,3,37,43.740512,21419.1825032,-35453.0234684,-7941.52864371
23467,UFO 4 (USA 108),2019,4,30,3,37,43.740512,4159.82577608,41451.6380472,6389.14281272
25258,UFO 8 (USA 138),2019,4,30,3,37,43.740512,4608.92703973,41647.0868304,4595.65473722
23435,USA 107 (DSP 17),2019,4,30,3,37,43.740512,-33562.3853145,-25247.5289381,-3928.716769
23628,USA 113,2019,4,30,3,37,43.740512,40386.8703046,11851.9731845,-2365.97071533
23712,USA 115 (MILSTAR-1 2),2019,4,30,3,37,43.740512,-41987.6073646,-1994.98730787,3421.91412859
24737,USA 130 (DSP 18),2019,4,30,3,37,43.740512,6912.78252166,-40504.4603444,-9467.60311206
25019,USA 134,2019,4,30,3,37,43.740512,-39429.2349002,13735.6137994,6070.22044449
26052,USA 148,2019,4,30,3,37,43.740512,-1596.26019368,41940.4116142,3924.33467141
26356,USA 149 (DSP 20),2019,4,30,3,37,43.740512,-11623.5441272,39725.8909411,7982.31248653
26575,USA 153,2019,4,30,3,37,43.740512,28889.7866165,30696.9652248,-499.16584029
26715,USA 157 (MILSTAR-2 2),2019,4,30,3,37,43.740512,38703.5974151,16676.3440451,-1055.64748823
26880,USA 159 (DSP 21),2019,4,30,3,37,43.740512,-30881.7380827,-28678.4880619,-1307.7937235
27168,USA 164 (MILSTAR-2 3),2019,4,30,3,37,43.740512,14969.9170709,-38963.4678268,-5977.47571431
27691,USA 167,2019,4,30,3,37,43.740512,-33158.9739841,25701.2483841,4258.24294262
27711,USA 169 (MILSTAR-2 4),2019,4,30,3,37,43.740512,-36996.4317896,19324.1362401,5986.11505735
27875,USA 170,2019,4,30,3,37,43.740512,-27220.7581791,-32201.7742036,1071.56997712
28158,USA 176 (DSP 22),2019,4,30,3,37,43.740512,41951.6289999,-49.2725876376,-4225.16811534
22988,USA 99 (MILSTAR-1 1),2019,4,30,3,37,43.740512,-25072.6080271,-33910.0644207,408.691226704
33414,VENESAT-1,2019,4,30,3,37,43.740512,-40871.268604,-10383.8281241,-17.5605226525
37843,VIASAT-1,2019,4,30,3,37,43.740512,-38857.8680999,16382.2211945,-18.5941277701
42740,VIASAT-2,2019,4,30,3,37,43.740512,-39010.7419226,-16001.5374957,-11.8073370738
32767,VINASAT-1,2019,4,30,3,37,43.740512,30238.1478976,29373.0540096,11.5556192449
38332,VINASAT-2,2019,4,30,3,37,43.740512,30285.0680207,29320.0730064,2.38236132304
44071,WGS 10 (USA 291),2019,4,30,3,37,43.740512,-27888.6096861,25941.6309537,-71.9687593103
32258,WGS F1 (USA 195),2019,4,30,3,37,43.740512,6058.24044774,-41729.0680794,16.7062461191
34713,WGS F2 (USA 204),2019,4,30,3,37,43.740512,37378.7070959,-19511.0475398,21.0843050531
36108,WGS F3 (USA 211),2019,4,30,3,37,43.740512,-7164.17822123,-41553.2760235,4.14093791372
38070,WGS F4 (USA 233),2019,4,30,3,37,43.740512,42162.683713,448.964857814,17.5305272035
39168,WGS F5 (USA 243),2019,4,30,3,37,43.740512,-32416.8652695,-26965.0187225,-5.00340534087
39222,WGS F6 (USA 244),2019,4,30,3,37,43.740512,-30850.839963,28738.6434893,-14.9746000324
40746,WGS F7 (USA 263),2019,4,30,3,37,43.740512,2034.63541613,42114.838372,-1.3078430004
41879,WGS F8 (USA 272),2019,4,30,3,37,43.740512,19797.4977426,37226.2255843,-0.540095627661
42075,WGS F9 (USA 275),2019,4,30,3,37,43.740512,36152.0587113,-21702.8861223,22.9936648548
29643,WILDBLUE-1,2019,4,30,3,37,43.740512,-39890.3642962,13670.6250593,-3.76267587667
28626,XM-3 (RHYTHM),2019,4,30,3,37,43.740512,-41842.180506,-5209.93458576,-0.592652637818
29520,XM-4 (BLUES),2019,4,30,3,37,43.740512,-38792.0815833,16521.1405117,-6.14074953668
37185,XM-5,2019,4,30,3,37,43.740512,-41852.1793379,-5136.73247864,-19.421914633
28542,XTAR-EUR,2019,4,30,3,37,43.740512,21840.6779144,-36068.7943785,-6.07793874591
37393,YAHSAT 1A,2019,4,30,3,37,43.740512,34405.2687606,-24370.5260921,20.3662650418
38245,YAHSAT 1B,2019,4,30,3,37,43.740512,32202.4236078,-27219.1206365,19.4437463745
28089,YAMAL 202,2019,4,30,3,37,43.740512,32897.0081561,-26351.6538511,-23.6656365263
38978,YAMAL 300K,2019,4,30,3,37,43.740512,-3820.35186615,41988.2561801,-3.47709669035
40345,YAMAL 401,2019,4,30,3,37,43.740512,42136.5561048,1567.09020167,10.7820502728
39022,YAMAL 402,2019,4,30,3,37,43.740512,35400.9950825,-22901.1138523,0.934161943334
37234,ZHONGXING-20A,2019,4,30,3,37,43.740512,31238.7454566,28279.8111898,-19.0857913879
31800,ZHONGXING-6B,2019,4,30,3,37,43.740512,37344.5536753,19544.3944877,14.4005842484
