ID,x,y,z
ABS-2,7567.80824508,-41489.8263717,-0.0566138682833
ABS-2A (MONGOLSAT-1),7417.04586437,-41501.591279,11.1050393049
ABS-3A,-38970.3509071,-16110.7940714,-15.052211996
ABS-4 (MOBISAT-1),-2612.50942049,-42087.1050871,10.6432104049
ABS-6,42029.0700904,3304.85220545,-19.6644703516
ABS-7,32999.0148911,-26248.3461764,-25.1236591763
AEHF-1 (USA 214),-36725.5223523,-20709.5753795,1269.00579034
AEHF-2 (USA 235),-31312.5112929,28217.2378571,1049.1623477
AEHF-3 (USA 246),42092.9122868,-1794.74939463,659.119423357
AEHF-4 (USA 288),-15336.3264955,39257.6083698,1206.66492291
ALCOMSAT 1,-42169.2250473,-509.315070086,22.3120316993
ALPHASAT,-26931.0031974,-32445.3454381,-732.838750534
AL YAH 3,-41984.7146336,-3948.53562176,-22.0163229408
AMAZONAS 2,-34322.6280977,24476.8325974,9.67663098401
AMAZONAS 3,-34302.6087482,24520.4984298,-25.148848871
AMAZONAS 4A,-27942.8911846,31576.2352207,36.9037979646
AMAZONAS 5,-34329.6267717,24496.8503058,-14.9399342718
AMC-11 (GE-11),11295.3238652,40613.2893035,13.1344845193
AMC-14,-30362.3752821,-29429.8162411,2418.72077563
AMC-15,-7631.528625,41460.0756106,13.06967111
AMC-16,-21377.5449081,36342.5268845,0.55191484384
AMC-18,16851.7296817,38637.6400579,8.04332839716
AMC-1 (GE-1),11212.7183396,40634.933466,-262.88774577
AMC-21,6912.63356803,41585.2291599,10.6278677091
AMC-2 (GE-2),-21356.4636204,36181.1175995,3482.72828332
AMC-3 (GE-3),-28999.8736718,30592.8611849,949.643799954
AMC-4 (GE-4),14036.803829,39750.2547035,-0.254515092671
AMC-6 (GE-6),-22643.9057876,35559.9576278,12.6831040224
AMC-7 (GE-7),14092.3141821,39725.6134317,-110.072812824
AMC-8 (GE-8),16822.976877,38661.9540138,-0.130057454823
AMOS-3,-39278.3234514,-15346.9710497,11.5987267482
AMOS-4,323.526230741,-42170.7478638,13.1739896264
AMSC 1,-6235.50341518,41052.1240867,7175.51507922
ANIK F1,-5977.31439199,41731.4453712,-17.5087773869
ANIK F1R,-5995.82790711,41730.1889573,5.56023777461
ANIK F2,-3214.98773882,42041.1059153,-5.54965182082
ANIK F3,2395.26835053,42092.884074,-3.36792081788
ANIK G1,-5989.11627278,41736.4078095,-7.5369695529
APSTAR 5 (TELSTAR 18),40410.8472871,-12031.3152616,-291.054675118
APSTAR 6,39417.7097942,-14959.8092366,-462.253267999
APSTAR 6C,39489.9092825,-14753.5422343,-8.83022638093
APSTAR 7,8706.98957851,-41260.8914082,17.5590779305
APSTAR 9,41150.0454787,-9172.43855639,0.373777328676
ARABSAT-5A,-23625.5993336,-34943.0584628,-15.2723152036
ARABSAT-5C,-29590.6729442,-30053.9034559,-33.1240466781
ARSAT 1,-29114.217657,30496.9041406,-20.8718711299
ARSAT 2,-23865.0359818,34757.4884615,-18.3968101079
ASIASAT 3S,41590.0853575,-6245.27605922,-2842.05282483
ASIASAT 4,-18702.8408135,-37787.0373822,27.5417961372
ASIASAT 5,24751.8832276,-34132.4742833,2.21736862196
ASIASAT 6,34686.0776654,-23970.4712077,17.9824751787
ASIASAT 7,27614.6777207,-31859.2477762,17.2895159785
ASIASAT 8,-39215.903142,-15513.1255407,19.8732055214
ASIASAT 9,35565.9503669,-22640.2950544,3.51756216914
ASIASTAR,27280.2338419,-32105.2393866,-1762.81448101
ASTRA 1D,-28159.6338018,30754.8923029,6247.7122678
ASTRA 1F,-14618.7070293,-39566.7369866,-5.75979146919
ASTRA 1G,-5442.18004356,-41821.2976396,-340.062537913
ASTRA 1H,-31353.6919051,27966.3845695,3582.64472673
ASTRA 1KR,-30019.8224501,-29611.2835731,-32.4290977501
ASTRA 1L,-30033.8483688,-29606.6071332,-50.2010739912
ASTRA 1M,-29994.6906452,-29652.0297134,-8.99073803542
ASTRA 1N,-30022.7736142,-29639.8573652,-33.0660531523
ASTRA 2A,24433.5826423,-34360.1990857,-211.276587903
ASTRA 2B,-29880.4066846,-29749.0185156,1377.07532352
ASTRA 2C,-27557.6397026,-31914.6041504,868.875912991
ASTRA 2D,-36192.8894815,-21543.1771029,2145.80569514
ASTRA 2E,-24841.6547452,-34080.6138432,-1.39333192991
ASTRA 2F,-24962.8456707,-33976.057658,-1.56460653159
ASTRA 2G,-25012.1659044,-33969.634106,2.72349602419
ASTRA 3A,-39074.4874338,15406.2629818,3739.75586502
ASTRA 3B,-27688.0721235,-31813.3984406,-26.3750849252
ASTRA 4A (SIRIUS 4),-36433.6048362,-21248.3206808,-5.2864508927
ASTRA 5B,-23013.0370478,-35347.8136922,-12.6482361266
ATHENA-FIDUS,-18965.029108,-37665.0580205,-6.1574514145
AZERSPACE 1,-13420.0429359,-39983.3812684,4.27393465584
AZERSPACE 2 (IS-38),-14051.0844174,-39761.0412604,6.02383000739
BADR-4,-26314.780806,-32963.9102033,-34.9735898826
BADR-5,-26221.1886851,-33028.3782908,12.721211609
BADR-6,-26302.3771607,-32986.1628491,-11.644253186
BADR-7 (ARABSAT-6B),-26284.14061,-32958.2374777,-13.5992238683
BANGABANDHUSAT-1,34332.1727416,-24474.5164529,22.4987414233
BD-17,25958.5851891,-30197.6120264,-14275.7100292
BD-20,18801.5934617,-37182.4291121,7634.2877563
BD-2-G7,30273.3966841,-29342.1631086,-587.849403831
BEIDOU 10,22236.99325,-36054.6639483,-1086.57821843
BEIDOU 11,-4257.22966842,-41955.9032833,-386.648773165
BEIDOU 16,14008.8918823,-39745.7534809,-566.436521804
BEIDOU 3,40787.1487075,-10728.2473915,-135.322242912
BEIDOU-3 G1,41456.2090413,-7424.22960161,1960.73748958
BEIDOU 4,10898.867725,-40731.1752073,-1078.5168218
BEIDOU 6,41972.9517564,4010.90035455,-296.076676411
BEIDOU 8,16583.6172516,-15560.6114505,-35385.8981246
BEIDOU 9,17571.0547107,-20598.1727442,32453.38863
BEIDOU IGSO-6,7224.64378159,-29721.3068242,-28866.0255342
BEIDOU IGSO-7,28980.8725312,-15437.2674767,26373.1373249
BELINTERSAT-1,-9524.27894884,-41082.0973161,25.3721567292
BRASILSAT B4,-16785.7916604,38650.9586443,1205.32831898
BRISAT,42051.4098026,-2992.97151103,23.1234323363
BSAT-3A,29963.6249351,-29667.5650211,33.9217963909
BSAT-3B,29945.4479469,-29673.4935912,1.84071782867
BSAT-3C (JCSAT-110R),30033.2457771,-29598.2977333,21.0865193936
BSAT-4A,29934.2654268,-29699.1576896,-39.1501841736
BULGARIASAT-1,-37460.4977255,-19377.1262231,1.15352196971
CHINASAT 10 (ZX 10),30313.0516512,-29318.1203318,43.0840832716
CHINASAT 11 (ZX 11),23230.4789584,-35173.1126587,20.705702484
CHINASAT 12 (ZX 12),16401.5276752,-38848.0733406,14.1171444685
CHINASAT 16 (SJ-13),30316.300858,-29294.8375187,-25.2767088382
CHINASAT 1A (ZX 1A),38300.9385737,-17629.3661571,6.26638585923
CHINASAT 1C (ZX 1C),12198.7268087,-40354.9524948,-78.3924481063
CHINASAT 2A (ZX 2A),23375.8976386,-35096.7227791,-13.7313322614
CHINASAT 2C (ZX 2C),26420.6866434,-32861.7852452,-1.95901686312
CHINASAT 2D (ZX 2D),38347.852927,-17519.2530506,6.51180916075
CHINASAT 6A (ZX 6A),36698.0606577,-20753.7656497,-12.3057255812
CHINASAT 9A (ZX 9A),25313.878532,-33724.5404012,12.4336034735
CHINASAT 9 (ZX 9),19539.9690971,-37371.1270735,15.8862533812
CIEL-2,9762.10499953,41005.8876155,-9.17517829167
COMS 1,37764.0884307,-18750.6420547,20.2622357852
COMSATBW-1,-1144.17808429,-42162.0981318,2.78952079863
COMSATBW-2,-32955.0888398,-26319.9314264,-8.94382928924
COSMOS 2473,-41255.6809938,-8758.32792012,34.7872338205
COSMOS 2513,11384.3724749,-40607.1808091,5.09154285006
COSMOS 2520,-14062.3160455,-39752.8345408,15.0718908504
COSMOS 2526,37714.9857246,-18866.875043,-12.47792856
COSMOS 2533,3959.07587274,-41979.7743485,13.1105489097
DIRECTV 10,-9203.11698646,41146.8353616,13.6619439533
DIRECTV 11,-11815.3062159,40475.1098848,4.75489620174
DIRECTV 12,-9242.16158088,41138.9556333,-13.8699159601
DIRECTV 14,-11755.2240839,40490.1926963,-14.5290183955
DIRECTV 15,-10628.3688724,40801.2613796,-10.2940689897
DIRECTV 4S,-10409.0186851,40857.4150097,-16.1222343745
DIRECTV 5 (TEMPO 1),-3940.51758325,41970.5541516,-11.172149308
DIRECTV 7S,2646.65648979,42071.2123237,-0.563563867157
DIRECTV 8,-10715.6342813,40773.2704392,-13.8680553186
DIRECTV 9S,-10478.1863651,40835.6047196,-16.1526694445
ECHOSTAR 10,-3853.81010962,41984.0248701,-9.2077625028
ECHOSTAR 11,-4029.80556429,41966.930229,-14.1231325978
ECHOSTAR 12 (RAINBOW 1),-20496.282275,36847.9111219,8.73352805657
ECHOSTAR 14,2522.60040972,42081.9913532,-6.29634953473
ECHOSTAR 15,-34032.7107029,24899.265577,4.23505271351
ECHOSTAR 16,-34097.8186264,24805.7750386,-23.58838622
ECHOSTAR 17,-6130.05508557,41713.0864852,-14.5416640554
ECHOSTAR 18,-34155.1233961,24726.707434,-20.8563321377
ECHOSTAR 19,-13270.2508812,40018.0909018,-17.5425147892
ECHOSTAR 21,-34060.1518744,-24445.0642739,-4576.8727918
ECHOSTAR 23,-39764.3247525,14034.6874695,-22.2946848845
ECHOSTAR 7,2461.12800479,42086.3778688,-3.22798999872
ELEKTRO-L 2,8336.6643325,-41339.7603534,46.9393178528
ES'HAIL 2,-26400.4351939,-32884.4764344,-0.323696467659
EUTELSAT 10A,-34370.080258,-24460.3356818,-25.4225381653
EUTELSAT 113 WEST A,-1827.16390388,42117.3151637,12.984234625
EUTELSAT 115 WEST B,-425.238475315,42163.8008926,-0.145367184581
EUTELSAT 117 WEST A,986.749241649,42146.4439412,11.6278791967
EUTELSAT 117 WEST B,1119.09972339,42150.6253317,-0.128796272616
EUTELSAT 12 WEST B,-41112.3948427,-9476.74667902,73.1499020146
EUTELSAT 16A,-31617.718974,-27925.606622,-37.0801039632
EUTELSAT 172B,40225.6765318,12639.0228097,-3.2645088853
EUTELSAT 174A,39744.5463648,14003.6880503,13.8301004414
EUTELSAT 21B,-28745.2267468,-30860.9886145,-38.5874457207
EUTELSAT 25B,-26577.6796062,-32742.143004,-18.4138042186
EUTELSAT 33C,12581.8005072,40221.1229881,-231.726235636
EUTELSAT 33E,-22021.1781184,-35973.2550269,-23.9170165568
EUTELSAT 36B,-20245.6614639,-37009.1068548,-38.8733515204
EUTELSAT 3B,-37026.3297654,-20159.6630475,-57.4485893636
EUTELSAT 48D,-11966.2267144,-40439.0811545,-14.8308322186
EUTELSAT 5 WEST A,-39519.0134862,-14768.9141584,-36.6691665966
EUTELSAT 65 WEST A,-32430.33481,26947.2305046,23.2718688978
EUTELSAT 70B,4359.25155249,-41945.0914923,-39.3810170984
EUTELSAT 7A,-35586.5325137,-22640.483779,8.55354923969
EUTELSAT 7B,-35610.9303077,-22618.1554141,23.8071123924
EUTELSAT 7 WEST A,-40056.7941149,-13127.0687429,21.4840369848
EUTELSAT 80A,-10844.6807228,-40846.9709391,263.603993595
EUTELSAT 8 WEST B,-40231.1270474,-12661.0482907,-10.7438066996
EUTELSAT 9B,-34793.0406102,-23829.3356458,32.3822725098
EUTELSAT HOT BIRD 13B,-33050.7456873,-26215.1903757,-47.9413395566
EUTELSAT HOT BIRD 13C,-33040.1323708,-26230.8964204,-18.4119740826
EUTELSAT HOT BIRD 13E,-33019.3637161,-26238.0998434,-6.16157587428
EUTELSAT KA-SAT 9A,-34789.3112244,-23870.3223486,-7.69902176381
EXPRESS-A4,41440.3631957,-6456.03334578,-4620.50235056
EXPRESS-AM3,26197.983022,-33031.1416764,-359.557798821
EXPRESS-AM33,22299.6044834,-35788.7821249,6.53770309982
EXPRESS-AM44,-40831.1429638,-10518.5012154,-6.83800224456
EXPRESS-AM5,40814.5338371,-10578.8692786,7.2794682295
EXPRESS-AM6,-8438.2984217,-41315.8164614,-4.00531157263
EXPRESS-AM7,-17492.9129003,-38371.9640841,3.42747047547
EXPRESS-AM8,-41326.9643205,-8364.72295738,-10.4970235731
EXPRESS-AMU1,-20113.7265396,-37067.2372963,2.65923772963
EXPRESS-AT1,-6276.05225579,-41694.4816118,-3.25054349193
EXPRESS-AT2,40780.6694252,-10714.3601214,11.0587676039
FENGYUN 2E,15600.7991347,-39118.4757794,-1731.98710765
FENGYUN 2F,31125.1970711,-28440.1461993,-680.390785904
FENGYUN 2G,24100.7855894,-34603.1912568,-308.042288829
FENGYUN 2H,10483.0265934,-40845.6298818,47.7876126067
FENGYUN 4A,27189.1690069,-32250.2341494,57.5478335998
FLTSATCOM 8 (USA 46),-41561.2762821,-7242.98229316,-176.438977067
GALAXY 11 (G-11),-38992.4732993,-16292.90858,176.557994188
GALAXY 12 (G-12),9875.99224617,40980.9249801,-130.787097799
GALAXY 13 (HORIZONS 1),8441.28834887,41307.3244994,-20.0169171817
GALAXY 14 (G-14),6983.12686219,41573.6774344,-3.00585536395
GALAXY 15 (G-15),12710.3041366,40197.8011235,-11.1398008886
GALAXY 16 (G-16),-11963.9334065,40424.2153737,-15.6346676485
GALAXY 17 (G-17),-17476.2932629,38364.5618054,6.94824727527
GALAXY 18 (G-18),5534.00990501,41787.8071138,-11.374670131
GALAXY 19 (G-19),-13361.790094,39985.4519804,-14.7982921681
GALAXY 23 (G-23),4046.66648145,41960.4392288,-2.76907258349
GALAXY 25 (G-25),-16056.408227,38984.6365552,219.438489189
GALAXY 28 (G-28),-18774.9789404,37743.677246,-11.8085072158
GALAXY 3C (G-3C),-14707.6306137,39522.6971897,-6.4236112468
GAOFEN 4,27756.5495327,-31748.583038,-1.21403352462
GEO-KOMPSAT-2A,37791.1779127,-18702.7788922,-23.1168270951
GOES 13,-34670.6884986,23980.810905,-168.202044397
GOES 14,-8049.76884659,41407.149142,-13.6051840571
GOES 15,9153.92621149,41154.1903875,-31.2370376725
GOES 16,-27244.5459019,32175.7764441,-7.80308853723
GOES 17,15615.9159684,39153.6897915,1.06080605333
GSAT-10,13338.4080964,-40009.5438845,-7.76531473442
GSAT-11,6890.36767398,-41623.1664597,13.8843657066
GSAT-12,13195.8425479,-40118.2728503,17.7876674898
GSAT-14,6885.29078826,-41590.6748715,11.2441697097
GSAT-15,20419.0472747,-36895.102059,-1.81335759082
GSAT-16,-6952.66489758,-41617.3492889,21.5886422307
GSAT-17,20408.4042652,-36880.1429487,-10.5644312742
GSAT-18,6914.68540461,-41600.5117444,3.16794680532
GSAT-19,-12140.2267169,-40402.5127504,40.0528985536
GSAT-29,-7008.97974429,-41586.5497925,15.567500232
GSAT-31,-12117.7050805,-40388.0502593,3.37374973527
GSAT-6,13359.8521769,-39966.5859262,-0.238615747579
GSAT-7,6905.72783977,-41569.716687,6.46056520146
GSAT-7A,-1305.04299229,-42152.1847224,-9.43256643913
GSAT-8,-7000.46952752,-41567.6920181,8.34468930979
GSAT-9,22827.1647695,-35454.1356383,0.163816051618
HELLAS-SAT 2,-14603.0882377,39548.7433216,150.17801683
HELLAS-SAT 3,-18226.3810531,-38041.2683293,-14.9311041429
HIMAWARI-7 (MTSAT-2),41567.254652,-7009.71197518,39.5962936399
HIMAWARI-8,40925.8113003,-10138.9607798,6.60737959955
HIMAWARI-9,40948.272937,-10052.7029376,-18.7474322189
HISPASAT 30W-4,-42041.8655344,3454.80085412,75.5240996934
HISPASAT 30W-6,-42050.9928655,3320.05620825,18.58125812
HISPASAT 36W-1,-41452.4901478,7733.04620706,-4.08445560618
HORIZONS 2,14596.4744838,-39563.7433132,10.1416093633
HORIZONS 3E,40832.230807,10514.2852822,-7.71227253929
HYLAS 1,-32671.9086466,-26666.8948824,-16.8292407618
HYLAS 2,-23295.3082584,-35154.6107512,13.3046567903
HYLAS 4,-41741.9885983,5891.18676506,27.8195458599
ICO G1,-16209.1331839,38833.8800954,2544.35660289
INMARSAT 3-F1,-163.602859085,-42147.2001978,-1668.15312502
INMARSAT 3-F2,-13155.6789256,40103.0257556,1650.31104026
INMARSAT 3-F3,38539.137516,16869.3549558,-2461.84831875
INMARSAT 3-F5,-36962.5173273,20100.7636661,2840.02372712
INMARSAT 4-F1,41358.9767268,-8083.86852106,-1186.66970002
INMARSAT 4-F2,-519.454865437,-42135.0407314,-1869.87611615
INMARSAT 4-F3,-12673.504275,40149.0067127,2200.02248212
INMARSAT 5-F1,-1439.33959609,-42139.7301772,10.0886415784
INMARSAT 5-F2,-36673.9479751,20806.2979343,-20.9987664539
INMARSAT 5-F3,38202.9954373,17843.7994129,10.7811901513
INMARSAT 5-F4,-5919.06104665,-41748.1489883,7.09753285024
INSAT-3D,12679.1860081,-40218.3360349,9.63800958138
INSAT-3DR,6898.66858492,-41550.3807759,-0.150474898499
INSAT-4A,13326.0654122,-39995.4902433,18.7187063868
INSAT-4B,30679.6766619,-28919.7766764,-17.8032171837
INSAT-4CR,-12139.3758132,-40363.8793279,108.359429505
INTELSAT 10-02,-38388.8506919,-17468.6206723,-15.6967912649
INTELSAT 10 (IS-10),-12367.3284059,-40318.3273279,327.352913671
INTELSAT 11 (IS-11),-40207.934532,12700.2046912,20.2839394118
INTELSAT 12 (IS-12),-241.717302952,-42176.6944165,-28.3787698933
INTELSAT 14 (IS-14),-39747.2065981,14082.6951627,-21.9570964902
INTELSAT 15 (IS-15),14817.1390253,-39481.3573392,10.5620406517
INTELSAT 16 (IS-16),-26687.1035707,32639.7959701,-19.2705595726
INTELSAT 17 (IS-17),1041.51502097,-42157.2106148,20.5751947655
INTELSAT 18 (IS-18),38063.8902166,18111.9018722,1.96260916737
INTELSAT 19 (IS-19),41316.4923512,8351.45124222,18.6699299457
INTELSAT 1R (IS-1R),42102.6074922,1874.81039061,-1290.08545282
INTELSAT 20 (IS-20),2910.26889427,-42062.759701,15.501414327
INTELSAT 21 (IS-21),-35555.0726512,22668.5165624,-18.4432185529
INTELSAT 22 (IS-22),5525.81492784,-41804.9743371,6.42885606509
INTELSAT 23 (IS-23),-37390.4173674,19493.7796976,12.1028183447
INTELSAT 25 (IS-25),-41935.6954863,4451.276762,-10.8852258761
INTELSAT 26 (IS-26),-1986.54478892,-41934.4448122,-4160.92440166
INTELSAT 30 (IS-30),-14694.7901069,39512.7561617,-14.4269806069
INTELSAT 31 (IS-31),-14661.1417421,39533.7672793,-15.412652526
INTELSAT 32E (IS-32E),-40162.273794,12837.1931182,-19.2610945769
INTELSAT 33E (IS-33E),-3351.1650707,-42038.6414632,-5.70542191384
INTELSAT 34 (IS-34),-36489.0137601,21127.7344991,-20.7752017682
INTELSAT 35E (IS-35E),-41647.1646092,6615.34196457,-8.3093950973
INTELSAT 36 (IS-36),2885.12785367,-42065.5974242,-1.16538217229
INTELSAT 37E (IS-37E),-41815.7001108,-5476.89001033,-19.3424539763
INTELSAT 5 (IS-5),15468.0743161,39205.6435243,48.3090688814
INTELSAT 805 (IS-805),40787.3571053,10578.3127019,-1058.55852592
INTELSAT 901 (IS-901),-42062.1881822,2972.32714467,676.548066431
INTELSAT 902 (IS-902),-1898.53642072,-42129.2668376,10.1631687153
INTELSAT 903 (IS-903),-41925.203909,4417.2442768,955.141291466
INTELSAT 904 (IS-904),-27863.3381407,-31693.8710075,269.188498925
INTELSAT 905 (IS-905),-42166.5201152,-715.930326645,215.637979391
INTELSAT 906 (IS-906),-301.820022887,-42169.5081398,11.5121100566
INTELSAT 907 (IS-907),-42144.8634259,1512.38371606,-20.2710484057
INTELSAT 9 (IS-9),1087.5950338,-42138.8075592,-1430.11444285
INTELSAT NEW DAWN,-22186.6997031,-35853.2570294,4.81144424061
IRNSS-1A,-4887.01660956,-40982.7314201,8270.55065236
IRNSS-1B,-4936.51027444,-41181.8623853,-8024.63936207
IRNSS-1C,13508.4907519,-39884.6519835,1431.36697714
IRNSS-1D,28346.8657489,-29148.9837958,11467.1681078
IRNSS-1E,27965.7703654,-29286.9741282,-11491.7769861
IRNSS-1F,-22468.0510041,-35790.9429583,-170.581543976
IRNSS-1G,38128.847481,-17876.4538407,2117.6338662
IRNSS-1I,-4187.85708447,-40118.7914766,12062.651035
JCSAT-13,36303.0373104,-21447.7528096,20.0633811471
JCSAT-15,30068.036896,-29559.7200763,17.2638969866
JCSAT-16,39968.8094694,-13403.55783,17.0413883979
JCSAT 2A,39956.0344133,-13355.9892359,-1365.4051931
JCSAT 2B,42156.9151041,-415.424044767,22.0475366204
JCSAT-3A,37707.9475557,-18858.6974313,18.8971359262
JCSAT-4A,41941.588057,-3336.21745081,-2680.68085916
JCSAT-5A,38942.6130545,-16150.5642451,-16.2374908615
JCSAT-RA (JCSAT-12),40845.8448215,10438.4557375,28.9744339659
KAZSAT-2,15750.295947,-39123.7983816,8.21430284741
KAZSAT-3,-4434.3889832,-41930.8576103,9.91005487295
KIZUNA (WINDS),40678.1102744,-10974.8170028,-1649.74599599
KOREASAT 5A,31621.5924572,-27893.1946758,11.7165163768
KOREASAT 5 (MUGUNGWHA 5),31574.1054043,-27954.4720692,14.3065546106
KOREASAT 6,32949.1820997,-26308.4328214,19.4988693104
KOREASAT 7,32922.7825264,-26339.1856798,8.39763844563
LAOSAT 1,37868.5436653,-18521.0123459,-26.9928245123
LUCH 5A,41319.6960341,8181.45830396,-1514.03379874
LUCH 5B,-41526.9412962,-6771.02810577,3142.71011296
LUCH 5V,21162.1842109,-36479.5805577,-37.0995452148
LUCH (OLYMP),-3423.2200476,-42031.0668444,9.02994122511
MEASAT-3,19101.400538,-37599.0436869,8.12502292945
MEASAT-3A,19102.8164076,-37588.961117,30.1410882359
MEASAT-3B,19084.1260982,-37597.4820376,-14.4544861402
METEOSAT-10 (MSG-3),-34695.0808085,-23962.3198561,-227.780934851
METEOSAT-11 (MSG-4),-38129.9900076,-18001.5194309,-146.981026696
METEOSAT-8 (MSG-1),-16334.2348216,-38871.2642779,-883.182116468
METEOSAT-9 (MSG-2),-36778.051851,-20566.2999959,1748.55647146
MEXSAT 3,-474.697294839,42153.8025625,-9.02217937245
MORELOS 3,-1810.59909607,41996.444745,3316.49820613
MSAT M1,-5603.62622678,41451.7249784,5161.51452944
MUOS-1,37358.3826749,19889.2322081,1117.71809484
MUOS-2,-11673.5919683,40585.6388247,1848.77591423
MUOS-3,-41289.1232247,-7491.67977061,-1274.4357357
MUOS-4,7223.34416065,-41363.5353079,-2093.82708667
MUOS-5,-6289.42323801,41124.334822,3203.13155395
NIGCOMSAT 1R,-15845.4028298,-39087.192785,-0.012596794256
NILESAT 201,-40010.841619,-13366.2657389,18.728780409
NIMIQ 1,-20412.6326733,36885.1838646,28.5940601234
NIMIQ 2,8207.60125509,41417.0147028,8.37901778148
NIMIQ 4,-23254.4306687,35171.4003904,-14.9292326818
NIMIQ 5,-28639.1204754,30941.2791254,1.87009464605
NIMIQ 6,-17404.8991772,38401.2404084,-10.6036119446
NSS-10 (AMC-12),-41250.7803276,8757.10960367,32.0815926356
NSS-11 (AAP-1),39240.4304601,15397.9280198,-25.0613986378
NSS-12,-5567.20585085,-41805.8032142,-2.80654703229
NSS-5,-10295.1139607,-40902.5096559,-657.446407844
NSS-6,21361.2785878,-36346.9816342,-6.23230439794
NSS-7,-41915.1624242,-4029.44309026,2338.01887367
NSS-9,37050.0884425,20108.0455407,-11.7902802205
N-STAR C,39772.4420634,-13325.4941577,-4235.66221995
NUSANTARA SATU,41678.036471,-6358.56266195,4.77831479826
OPTUS 10,42145.7500923,1052.75001624,54.5740722372
OPTUS C1,42134.8977011,798.847911751,-315.375979904
OPTUS D1,41962.9874207,3983.59941695,22.9680654981
OPTUS D2,42109.2424804,-1903.00765033,10.9709630759
OPTUS D3,42134.7917157,1052.90452226,-1.92469763947
PAKSAT-1R,-18877.8392402,-37718.1371449,-3.32994935636
PALAPA D,31514.1758727,-28017.6812174,15.8591356472
QUETZSAT 1,-26246.5771706,32995.7329166,18.6420361919
QZS-1 (MICHIBIKI-1),37051.3608637,-18985.4446327,-2121.00065582
QZS-2  (MICHIBIKI-2),32520.6105515,-12381.2450889,28470.9648724
QZS-3 (MICHIBIKI-3),37389.4484147,-19486.7585465,36.5503997983
QZS-4 (MICHIBIKI-4),38944.712888,-1802.47193627,-11365.3824084
RADUGA-1M 2,14709.9157321,-39528.1416337,20.9400279918
RADUGA-1M 3,4028.39454299,-41983.7436636,14.308228431
RASCOM-QAF 1R,-37130.512333,-20022.1178677,-9.68984585752
SBIRS GEO-1 (USA 230),1215.47030825,-42121.1202811,-1624.40960042
SBIRS GEO-2 (USA 241),-29246.2696149,-30325.2312636,-1889.47105474
SBIRS GEO-3 (USA 273),29153.5561085,30257.488587,3386.17172034
SBIRS GEO-4 (USA 282),40546.9828498,-11397.4787273,1849.93925871
SDO,-11689.7998788,39546.0006529,-8774.71095975
SES-10,-31615.8976447,27896.1867897,-11.4342254196
SES-11 (ECHOSTAR 105),-7695.65390272,41450.5020822,-11.5918430654
SES-1,-10527.0779418,40822.5040779,-2.35747414341
SES-12,21376.1146869,-36349.2138945,-7.37452293473
SES-14,-39082.3235536,15827.1128351,-20.7509950198
SES-15,9989.23524298,40960.8303717,-2.33249916267
SES-2,-20106.7105888,37059.3221391,-10.684802598
SES-3,-9084.53661374,41173.0541887,-12.852250265
SES-4,-42094.3677861,-2551.16011939,-19.9008545727
SES-5,-36362.6605388,-21362.0453489,23.3433917091
SES-6,-40724.9250961,10937.3206532,-26.4298958601
SES-7 (PROTOSTAR 2),29124.2742009,-30483.6107731,-24.9207897002
SES-8,21355.6499768,-36362.8367729,15.3633909544
SES-9,29141.5799819,-30478.0344712,18.2101040095
SGDC,-27448.6698168,32004.1678197,17.5414819168
SHIJIAN-17 (SJ-17),20508.5448509,-36848.9435883,-171.304615432
SIRIUS FM-5,-20638.9690894,36767.4467862,-11.2240495676
SIRIUS FM-6,513.334567459,42162.8173658,-2.59420620528
SKY MEXICO-1,-25201.855411,33802.4001243,-17.6137401569
SKY MUSTER 2,41548.5987658,-7155.13936768,21.5419483349
SKY MUSTER (NBN1A),40847.1803717,-10439.881983,20.5226839889
SKYNET 4C,-21889.8187912,-35211.6495656,-7740.89722252
SKYNET 4E,-38473.708321,-17282.3064554,-76.112620339
SKYNET 4F,-41502.1433683,5922.20862855,4574.55920521
SKYNET 5A,21480.8351263,-36286.5136645,-38.5165907513
SKYNET 5B,-26813.5573395,-32558.7517373,-35.8876672262
SKYNET 5C,-41799.7540365,-5607.73200239,-12.5648129652
SKYNET 5D,-8606.08371691,-41286.6512828,-52.0835240356
SKYTERRA 1,-10340.1715463,40854.5796494,1552.55750272
SPACEWAY 1,16775.5169552,38682.7833688,-68.3491154546
SPACEWAY 2,-11885.1433227,40454.007415,6.53218074435
SPACEWAY 3,-14762.5808312,39494.9677835,5.1810081268
SPAINSAT,-42040.1548744,3333.2735546,-15.6798851223
ST-2,16772.8458829,-38691.1867366,17.9063307458
STAR ONE C1,-32519.6075707,26833.3121415,16.9622426109
STAR ONE C2,-30052.8549124,29561.7478618,-6.91645722313
STAR ONE C3,-27372.0919029,32065.917121,5.5275540857
STAR ONE C4,-30058.9921702,29571.4038615,20.0342589342
STAR ONE D1,-22018.7953374,35956.4974702,-10.00459291
SUPERBIRD 8,41804.6708128,5453.97588266,12.4998764341
SUPERBIRD-C2,41437.58258,-7770.36103974,17.749109884
SYRACUSE 3A,-12745.6722009,-40206.3762691,-5.13664502496
SYRACUSE 3B,-39572.1631199,-14614.5890492,-19.7973020275
TDRS 10,34681.156975,23878.0842711,-1621.89107503
TDRS 11,36047.2642563,21650.9808306,2877.88408857
TDRS 12,-40618.2194416,11301.5817713,-539.851883922
TDRS 13,-40867.4607864,-10122.6388965,-3145.80004333
TDRS 3,-38779.7235509,16341.2246357,4390.97705207
TDRS 5,33129.1219778,25568.5992404,4311.23145409
TDRS 6,-39315.6572339,13885.7304231,6380.10686453
TDRS 7,14034.8629949,-38474.448304,-10277.6298112
TDRS 8,17221.7821575,-38031.9703153,-5655.25880095
TDRS 9,-33604.0316738,25213.5182454,4631.36833162
TELKOM 2,42126.7458449,1783.45729446,-6.91501626366
TELKOM 3S,33849.2918516,-25142.7603314,20.9092900733
TELKOM 4 (MERAH PUTIH),28981.2094768,-30629.5966535,20.3704495529
TELSTAR 11N,-41233.1413779,8847.10170053,-19.6309455573
TELSTAR 12 (ORION 2),-4606.12089612,41903.7546981,274.181918311
TELSTAR 12V,-41473.1839573,-7652.75564817,36.8316269641
TELSTAR 14R,-33448.715014,25682.9017465,0.672479239352
TELSTAR 18V (APSTAR 5C),40404.218854,-12020.4949188,7.61085251838
TELSTAR 19V,-33428.7867179,25690.4056368,-13.4816612215
TERRESTAR-1,-3280.42527606,41986.7753742,1846.03083315
THAICOM 4,34518.9988917,-24207.3028427,12.6464125272
THAICOM 5,10124.6490431,-40931.9382852,16.2773490291
THAICOM 6,10168.0444237,-40933.7442969,19.5972713649
THAICOM 8,10158.8542806,-40930.6945578,-30.7076770212
THOR 5,-38316.5504389,-17620.9293951,12.0523534194
THOR 6,-38339.3868392,-17567.2067873,6.74013371959
THOR 7,-38286.2537371,-17688.4998652,17.9439957287
THOR III,-39194.7479417,-15335.9997089,2699.41612768
THURAYA-2,-14901.0859991,-39380.628793,-2486.51297646
THURAYA-3,23509.6393254,-34920.1779729,-2391.03711676
TIANLIAN 1-01,10947.7008249,-40583.4518918,-1232.42615885
TIANLIAN 1-02,41125.2096079,9193.3693683,-1820.7219774
TIANLIAN 1-03,-31224.7071211,-28365.5509956,-5.41574703488
TIANLIAN 1-04,9045.53439317,-41241.9231879,-23.173953436
TIANTONG-1 1,25257.4082514,-33744.7989432,-968.160754731
TJS-1,42157.0285545,274.877661055,-61.5632515236
TJS-2,28711.2937482,-30846.4509561,15.7742978704
TJS-3,-4087.43904078,-41972.1850248,67.434582774
TJS-3 AKM,-4038.54988967,-41976.6929091,64.5067621795
TKSAT-1 (TUPAC KATARI),-19980.3564007,37127.1463983,-15.1540018225
TURKMENALEM52E/MONACOSAT,-9163.23485285,-41168.6364709,-3.55607085552
TURKSAT 3A,-16193.5475036,-38955.049475,16.0641322298
TURKSAT 4A,-16198.6162164,-38928.6810578,-6.55330214096
TURKSAT 4B,-10612.5036445,-40814.9919715,13.5574134772
UFO 10 (USA 146),-42013.6676665,-2634.91720081,2991.99561002
UFO 11 (USA 174),7912.77079047,-41241.2200189,-3725.19081806
UFO 2 (USA 95),-24824.5055813,-33767.4707298,-4808.538099
UFO 4 (USA 108),40114.6072499,12908.5895218,-676.262357658
UFO 8 (USA 138),40193.1376977,12538.6175708,-1793.46770712
USA 107 (DSP 17),-36650.9893619,19498.4346564,7404.17020241
USA 113,26256.3622565,-31997.2629491,-8028.00256277
USA 115 (MILSTAR-1 2),-17696.7563029,37077.8256979,9464.08629415
USA 130 (DSP 18),-35351.8033444,-22920.3032799,-1663.15661675
USA 134,-2414.16413851,41700.0556468,5829.13603095
USA 148,37897.7134994,18310.7329216,-2260.3729146
USA 149 (DSP 20),32475.5684989,26844.195159,1466.72403111
USA 153,39338.3278488,-14298.9432256,-5041.00172213
USA 157 (MILSTAR-2 2),30280.9146326,-28644.4593151,-6360.73947848
USA 159 (DSP 21),-38267.2526248,16522.0798483,6358.98582889
USA 164 (MILSTAR-2 3),-30192.3353227,-29420.0576034,-1143.00407081
USA 167,10641.3599079,40771.0156079,1075.2632446
USA 169 (MILSTAR-2 4),3551.06931085,41827.8485049,3801.26370868
USA 170,-40175.2691128,12263.5307169,3687.54900716
USA 176 (DSP 22),16056.8156861,-38529.4248343,-5992.13269327
USA 99 (MILSTAR-1 1),-40138.5769508,9108.17053991,9157.49732974
VENESAT-1,-25641.0894318,33465.0043725,-14.4618158504
VIASAT-1,-265.116224105,42156.5100184,-9.96625114894
VIASAT-2,-30094.482118,29531.4367354,-20.2764183681
VINASAT-1,38918.9791029,-16224.0484348,14.96891533
VINASAT-2,38884.6416175,-16298.0428328,6.81128282163
WGS 10 (USA 291),16550.6667168,41799.687055,55.3257606459
WGS F1 (USA 195),-35963.219425,-22012.4811588,-8.42742718179
WGS F2 (USA 204),-3204.16109575,-42043.3059401,10.5487830407
WGS F3 (USA 211),-41008.750855,-9802.947106,-17.077217111
WGS F4 (USA 233),17035.5024537,-38571.5337656,15.5931324476
WGS F5 (USA 243),-37553.245867,19166.5401388,-23.172276345
WGS F6 (USA 244),14254.6438931,39680.0881831,-0.563406853925
WGS F7 (USA 263),39508.5989442,14725.3782119,16.0820199331
WGS F8 (USA 272),42016.3777084,-3518.25805193,15.6890990064
WGS F9 (USA 275),-5685.88760217,-41781.9903342,8.59824468874
WILDBLUE-1,-3152.53847052,42040.4252662,-17.0741084135
XM-3 (RHYTHM),-21290.9602877,36393.3838062,1.32126033372
XM-4 (BLUES),-118.093493988,42162.7226562,-0.0898106030967
XM-5,-21223.9715743,36434.8942406,-17.8395855039
XTAR-EUR,-24536.5046248,-34305.8411355,16.1581768874
YAHSAT 1A,-8830.28467939,-41239.1292262,8.12932158026
YAHSAT 1B,-12310.4645911,-40336.8345862,2.44196668276
YAMAL 202,-11298.7250791,-40618.4773759,12.5884464349
YAMAL 300K,37087.9881762,20051.7129603,16.8314949514
YAMAL 401,18073.1357451,-38098.9986985,19.9356964233
YAMAL 402,-7087.04534501,-41576.9967827,-0.113643873222
ZHONGXING-20A,38326.3621386,-17581.287317,-35.4203452577
ZHONGXING-6B,32696.6215257,-26621.944523,17.744019141
